detalle_id,venta_id,producto_id,cantidad,precio_unitario,total_linea
1,1,52,2,187.01,374.02
2,1,132,2,1125.2,2250.4
3,1,116,1,634.79,634.79
4,1,50,1,417.74,417.74
5,2,10,2,688.49,1376.98
6,2,14,2,729.09,1458.18
7,2,148,2,61.41,122.82
8,2,131,2,1795.22,3590.44
9,3,15,1,1025.09,1025.09
10,3,119,2,1495.25,2990.5
11,4,51,2,602.93,1205.86
12,4,111,1,849.44,849.44
13,4,121,2,655.73,1311.46
14,5,59,1,892.97,892.97
15,5,137,2,961.39,1922.78
16,6,67,1,891.91,891.91
17,6,12,2,945.61,1891.22
18,6,145,1,400.3,400.3
19,6,117,1,1968.91,1968.91
20,7,85,1,876.82,876.82
21,7,100,1,725.55,725.55
22,8,45,1,88.7,88.7
23,8,88,1,1860.11,1860.11
24,8,116,1,634.79,634.79
25,8,7,1,1589.42,1589.42
26,9,73,2,305.97,611.94
27,10,109,2,591.49,1182.98
28,10,76,1,578.17,578.17
29,10,40,2,59.67,119.34
30,11,43,2,145.52,291.04
31,11,70,2,1204.03,2408.06
32,11,54,2,129.59,259.18
33,12,41,2,180.3,360.6
34,12,72,1,624.08,624.08
35,12,7,1,1589.42,1589.42
36,12,123,1,357.47,357.47
37,13,109,1,591.49,591.49
38,13,67,2,891.91,1783.82
39,14,1,2,978.26,1956.52
40,14,61,2,916.44,1832.88
41,15,107,2,801.4,1602.8
42,15,68,2,1909.7,3819.4
43,15,138,1,69.16,69.16
44,15,134,2,1075.17,2150.34
45,16,71,1,304.79,304.79
46,16,132,1,1125.2,1125.2
47,16,27,1,1580.23,1580.23
48,16,57,1,1448.57,1448.57
49,17,20,2,558.12,1116.24
50,17,84,1,97.61,97.61
51,17,83,2,1092.26,2184.52
52,18,149,1,701.61,701.61
53,18,52,2,187.01,374.02
54,19,15,2,1025.09,2050.18
55,19,100,2,725.55,1451.1
56,19,40,2,59.67,119.34
57,20,13,2,749.22,1498.44
58,21,101,1,1579.35,1579.35
59,21,71,2,304.79,609.58
60,21,109,1,591.49,591.49
61,21,129,2,761.85,1523.7
62,22,117,1,1968.91,1968.91
63,22,16,2,503.78,1007.56
64,22,100,2,725.55,1451.1
65,23,64,2,700.59,1401.18
66,23,8,1,200.01,200.01
67,24,7,1,1589.42,1589.42
68,24,52,2,187.01,374.02
69,25,9,2,646.08,1292.16
70,25,64,2,700.59,1401.18
71,25,137,2,961.39,1922.78
72,26,34,1,339.75,339.75
73,26,130,2,147.82,295.64
74,26,96,1,771.82,771.82
75,27,125,2,1166.94,2333.88
76,27,44,2,1186.21,2372.42
77,27,150,1,719.92,719.92
78,27,35,2,1242.38,2484.76
79,28,137,1,961.39,961.39
80,28,89,1,357.62,357.62
81,28,5,2,869.3,1738.6
82,28,11,1,800.53,800.53
83,29,58,1,92.49,92.49
84,29,102,2,527.12,1054.24
85,30,145,1,400.3,400.3
86,31,71,1,304.79,304.79
87,31,148,1,61.41,61.41
88,32,101,1,1579.35,1579.35
89,32,143,2,897.89,1795.78
90,32,85,1,876.82,876.82
91,32,137,2,961.39,1922.78
92,33,123,2,357.47,714.94
93,33,122,1,448.34,448.34
94,33,17,2,50.81,101.62
95,33,150,1,719.92,719.92
96,34,58,1,92.49,92.49
97,34,6,1,888.56,888.56
98,35,74,1,135.3,135.3
99,35,27,2,1580.23,3160.46
100,35,17,2,50.81,101.62
101,35,111,1,849.44,849.44
102,36,43,2,145.52,291.04
103,36,34,2,339.75,679.5
104,36,114,2,1433.0,2866.0
105,37,106,2,1894.86,3789.72
106,37,23,1,1506.15,1506.15
107,37,116,2,634.79,1269.58
108,37,4,2,585.58,1171.16
109,38,104,1,910.09,910.09
110,38,134,2,1075.17,2150.34
111,38,44,1,1186.21,1186.21
112,38,97,1,739.57,739.57
113,39,127,2,58.8,117.6
114,39,64,1,700.59,700.59
115,39,81,2,464.06,928.12
116,40,52,1,187.01,187.01
117,40,23,2,1506.15,3012.3
118,40,57,1,1448.57,1448.57
119,40,43,1,145.52,145.52
120,41,133,2,1835.56,3671.12
121,42,130,2,147.82,295.64
122,42,1,1,978.26,978.26
123,42,3,2,1375.53,2751.06
124,42,149,1,701.61,701.61
125,43,103,1,312.44,312.44
126,43,88,1,1860.11,1860.11
127,43,34,2,339.75,679.5
128,43,91,1,438.61,438.61
129,44,77,2,1273.12,2546.24
130,45,82,2,704.59,1409.18
131,46,80,1,806.11,806.11
132,46,28,2,619.64,1239.28
133,46,74,2,135.3,270.6
134,46,50,1,417.74,417.74
135,47,4,2,585.58,1171.16
136,47,75,2,880.63,1761.26
137,47,111,1,849.44,849.44
138,47,83,1,1092.26,1092.26
139,48,6,1,888.56,888.56
140,49,104,1,910.09,910.09
141,49,114,1,1433.0,1433.0
142,49,73,1,305.97,305.97
143,49,69,2,490.04,980.08
144,50,131,2,1795.22,3590.44
145,51,70,1,1204.03,1204.03
146,51,148,1,61.41,61.41
147,51,28,2,619.64,1239.28
148,52,65,2,1923.18,3846.36
149,52,49,1,115.0,115.0
150,52,115,2,221.49,442.98
151,53,62,2,1964.74,3929.48
152,53,20,2,558.12,1116.24
153,53,106,2,1894.86,3789.72
154,54,143,2,897.89,1795.78
155,55,44,1,1186.21,1186.21
156,55,115,1,221.49,221.49
157,56,75,2,880.63,1761.26
158,56,147,2,826.26,1652.52
159,56,10,2,688.49,1376.98
160,56,150,2,719.92,1439.84
161,57,132,2,1125.2,2250.4
162,57,148,1,61.41,61.41
163,57,115,1,221.49,221.49
164,58,101,1,1579.35,1579.35
165,58,41,2,180.3,360.6
166,58,105,2,718.91,1437.82
167,59,33,2,1244.88,2489.76
168,59,110,1,1397.94,1397.94
169,59,66,2,1089.73,2179.46
170,59,102,1,527.12,527.12
171,60,5,2,869.3,1738.6
172,61,101,1,1579.35,1579.35
173,61,135,2,682.7,1365.4
174,61,5,1,869.3,869.3
175,61,25,1,1994.53,1994.53
176,62,84,2,97.61,195.22
177,62,96,1,771.82,771.82
178,62,149,2,701.61,1403.22
179,62,70,2,1204.03,2408.06
180,63,61,2,916.44,1832.88
181,63,105,2,718.91,1437.82
182,64,66,1,1089.73,1089.73
183,64,120,1,46.6,46.6
184,64,40,1,59.67,59.67
185,64,44,2,1186.21,2372.42
186,65,147,2,826.26,1652.52
187,65,121,2,655.73,1311.46
188,65,87,2,1261.9,2523.8
189,65,127,2,58.8,117.6
190,66,102,2,527.12,1054.24
191,66,76,1,578.17,578.17
192,66,133,1,1835.56,1835.56
193,67,24,2,360.26,720.52
194,68,136,1,143.71,143.71
195,69,82,1,704.59,704.59
196,69,50,1,417.74,417.74
197,69,67,1,891.91,891.91
198,70,58,1,92.49,92.49
199,70,91,2,438.61,877.22
200,71,94,2,1151.39,2302.78
201,71,67,1,891.91,891.91
202,71,14,2,729.09,1458.18
203,72,129,1,761.85,761.85
204,72,57,1,1448.57,1448.57
205,73,118,2,562.41,1124.82
206,73,45,2,88.7,177.4
207,73,119,1,1495.25,1495.25
208,73,139,1,70.49,70.49
209,74,133,1,1835.56,1835.56
210,74,114,1,1433.0,1433.0
211,74,57,2,1448.57,2897.14
212,74,131,2,1795.22,3590.44
213,75,76,1,578.17,578.17
214,75,39,2,524.21,1048.42
215,75,18,2,670.96,1341.92
216,76,110,2,1397.94,2795.88
217,76,64,1,700.59,700.59
218,76,7,1,1589.42,1589.42
219,76,88,1,1860.11,1860.11
220,77,90,1,689.91,689.91
221,77,6,1,888.56,888.56
222,77,85,1,876.82,876.82
223,78,11,1,800.53,800.53
224,78,34,2,339.75,679.5
225,78,97,2,739.57,1479.14
226,78,2,2,217.43,434.86
227,79,72,2,624.08,1248.16
228,79,65,2,1923.18,3846.36
229,80,148,1,61.41,61.41
230,81,30,2,445.93,891.86
231,82,34,2,339.75,679.5
232,83,30,2,445.93,891.86
233,83,1,2,978.26,1956.52
234,83,31,1,60.91,60.91
235,84,49,1,115.0,115.0
236,85,53,2,178.66,357.32
237,86,30,1,445.93,445.93
238,86,42,1,165.34,165.34
239,86,95,2,1497.52,2995.04
240,87,70,2,1204.03,2408.06
241,87,145,2,400.3,800.6
242,88,127,1,58.8,58.8
243,88,87,1,1261.9,1261.9
244,88,100,1,725.55,725.55
245,89,7,1,1589.42,1589.42
246,90,73,2,305.97,611.94
247,90,94,2,1151.39,2302.78
248,90,112,1,104.51,104.51
249,91,51,1,602.93,602.93
250,91,50,2,417.74,835.48
251,91,134,2,1075.17,2150.34
252,92,55,1,120.66,120.66
253,92,116,1,634.79,634.79
254,92,100,1,725.55,725.55
255,93,92,2,345.96,691.92
256,93,37,2,97.71,195.42
257,94,61,2,916.44,1832.88
258,94,48,1,504.02,504.02
259,94,73,1,305.97,305.97
260,95,74,2,135.3,270.6
261,96,4,1,585.58,585.58
262,96,113,1,933.62,933.62
263,96,15,2,1025.09,2050.18
264,96,84,2,97.61,195.22
265,97,128,1,1908.0,1908.0
266,97,76,2,578.17,1156.34
267,97,101,1,1579.35,1579.35
268,97,136,2,143.71,287.42
269,98,91,2,438.61,877.22
270,98,127,1,58.8,58.8
271,98,71,1,304.79,304.79
272,99,142,2,1220.0,2440.0
273,99,23,2,1506.15,3012.3
274,99,115,2,221.49,442.98
275,100,17,1,50.81,50.81
276,100,28,2,619.64,1239.28
277,101,47,1,33.79,33.79
278,101,46,1,1497.01,1497.01
279,102,101,1,1579.35,1579.35
280,103,53,1,178.66,178.66
281,103,28,1,619.64,619.64
282,104,31,1,60.91,60.91
283,104,71,2,304.79,609.58
284,104,9,1,646.08,646.08
285,105,50,2,417.74,835.48
286,105,11,2,800.53,1601.06
287,106,36,2,487.48,974.96
288,106,65,2,1923.18,3846.36
289,106,47,1,33.79,33.79
290,107,43,1,145.52,145.52
291,108,45,2,88.7,177.4
292,109,36,2,487.48,974.96
293,110,32,1,210.36,210.36
294,110,145,1,400.3,400.3
295,110,21,2,646.49,1292.98
296,111,83,1,1092.26,1092.26
297,111,36,1,487.48,487.48
298,111,4,2,585.58,1171.16
299,111,55,1,120.66,120.66
300,112,90,2,689.91,1379.82
301,113,18,1,670.96,670.96
302,113,67,1,891.91,891.91
303,114,30,1,445.93,445.93
304,115,147,2,826.26,1652.52
305,115,28,2,619.64,1239.28
306,116,80,2,806.11,1612.22
307,116,148,1,61.41,61.41
308,116,85,2,876.82,1753.64
309,117,45,1,88.7,88.7
310,117,84,2,97.61,195.22
311,117,4,1,585.58,585.58
312,118,102,1,527.12,527.12
313,118,17,1,50.81,50.81
314,118,118,2,562.41,1124.82
315,118,54,1,129.59,129.59
316,119,16,2,503.78,1007.56
317,119,111,2,849.44,1698.88
318,119,13,1,749.22,749.22
319,120,142,1,1220.0,1220.0
320,120,78,1,1439.91,1439.91
321,120,12,2,945.61,1891.22
322,121,130,2,147.82,295.64
323,121,2,2,217.43,434.86
324,122,51,1,602.93,602.93
325,122,6,2,888.56,1777.12
326,122,48,2,504.02,1008.04
327,122,107,2,801.4,1602.8
328,123,62,2,1964.74,3929.48
329,123,36,1,487.48,487.48
330,123,89,1,357.62,357.62
331,123,16,1,503.78,503.78
332,124,131,2,1795.22,3590.44
333,124,126,2,417.04,834.08
334,124,108,2,351.2,702.4
335,124,65,1,1923.18,1923.18
336,125,146,2,854.05,1708.1
337,125,50,2,417.74,835.48
338,125,88,1,1860.11,1860.11
339,126,122,2,448.34,896.68
340,126,82,1,704.59,704.59
341,126,112,2,104.51,209.02
342,126,124,2,583.52,1167.04
343,127,69,1,490.04,490.04
344,128,27,2,1580.23,3160.46
345,128,18,1,670.96,670.96
346,129,67,2,891.91,1783.82
347,129,73,1,305.97,305.97
348,130,146,1,854.05,854.05
349,130,30,1,445.93,445.93
350,130,47,1,33.79,33.79
351,130,14,1,729.09,729.09
352,131,3,1,1375.53,1375.53
353,132,107,2,801.4,1602.8
354,132,19,1,230.76,230.76
355,132,66,2,1089.73,2179.46
356,133,75,2,880.63,1761.26
357,133,111,2,849.44,1698.88
358,133,27,1,1580.23,1580.23
359,133,95,2,1497.52,2995.04
360,134,98,2,897.7,1795.4
361,135,23,2,1506.15,3012.3
362,135,41,1,180.3,180.3
363,136,141,1,819.69,819.69
364,136,25,2,1994.53,3989.06
365,136,102,1,527.12,527.12
366,137,119,1,1495.25,1495.25
367,137,79,2,416.75,833.5
368,138,89,2,357.62,715.24
369,138,58,2,92.49,184.98
370,139,68,2,1909.7,3819.4
371,139,79,2,416.75,833.5
372,140,140,1,482.66,482.66
373,140,33,1,1244.88,1244.88
374,141,7,1,1589.42,1589.42
375,142,5,1,869.3,869.3
376,142,85,1,876.82,876.82
377,142,130,2,147.82,295.64
378,143,84,2,97.61,195.22
379,144,42,2,165.34,330.68
380,144,51,2,602.93,1205.86
381,144,7,1,1589.42,1589.42
382,145,39,1,524.21,524.21
383,145,150,1,719.92,719.92
384,145,5,2,869.3,1738.6
385,146,42,1,165.34,165.34
386,147,103,2,312.44,624.88
387,147,83,1,1092.26,1092.26
388,147,62,2,1964.74,3929.48
389,147,57,1,1448.57,1448.57
390,148,5,1,869.3,869.3
391,149,45,2,88.7,177.4
392,149,94,2,1151.39,2302.78
393,149,33,2,1244.88,2489.76
394,150,23,2,1506.15,3012.3
395,150,99,2,1130.87,2261.74
396,151,88,2,1860.11,3720.22
397,151,31,2,60.91,121.82
398,152,61,2,916.44,1832.88
399,153,104,1,910.09,910.09
400,153,50,1,417.74,417.74
401,153,52,1,187.01,187.01
402,154,101,2,1579.35,3158.7
403,154,102,2,527.12,1054.24
404,155,20,1,558.12,558.12
405,155,46,2,1497.01,2994.02
406,155,89,2,357.62,715.24
407,155,105,2,718.91,1437.82
408,156,146,1,854.05,854.05
409,157,6,1,888.56,888.56
410,157,147,2,826.26,1652.52
411,157,53,1,178.66,178.66
412,157,13,1,749.22,749.22
413,158,65,1,1923.18,1923.18
414,158,17,2,50.81,101.62
415,158,115,1,221.49,221.49
416,159,78,2,1439.91,2879.82
417,159,60,1,1167.66,1167.66
418,159,26,2,584.92,1169.84
419,160,138,2,69.16,138.32
420,160,57,2,1448.57,2897.14
421,160,99,2,1130.87,2261.74
422,160,5,1,869.3,869.3
423,161,32,2,210.36,420.72
424,161,146,1,854.05,854.05
425,162,45,1,88.7,88.7
426,162,128,1,1908.0,1908.0
427,163,50,1,417.74,417.74
428,163,35,1,1242.38,1242.38
429,164,10,2,688.49,1376.98
430,164,65,1,1923.18,1923.18
431,164,36,1,487.48,487.48
432,164,124,1,583.52,583.52
433,165,16,2,503.78,1007.56
434,165,132,2,1125.2,2250.4
435,165,48,2,504.02,1008.04
436,166,11,2,800.53,1601.06
437,166,38,1,1036.49,1036.49
438,166,135,1,682.7,682.7
439,166,109,2,591.49,1182.98
440,167,26,2,584.92,1169.84
441,167,75,2,880.63,1761.26
442,167,100,2,725.55,1451.1
443,168,34,1,339.75,339.75
444,168,126,1,417.04,417.04
445,169,131,1,1795.22,1795.22
446,170,91,2,438.61,877.22
447,170,48,2,504.02,1008.04
448,170,31,1,60.91,60.91
449,170,114,1,1433.0,1433.0
450,171,10,2,688.49,1376.98
451,171,70,1,1204.03,1204.03
452,172,86,2,674.55,1349.1
453,172,96,2,771.82,1543.64
454,172,132,1,1125.2,1125.2
455,173,77,1,1273.12,1273.12
456,173,87,1,1261.9,1261.9
457,174,17,1,50.81,50.81
458,174,138,2,69.16,138.32
459,175,25,2,1994.53,3989.06
460,175,28,1,619.64,619.64
461,175,12,2,945.61,1891.22
462,175,103,2,312.44,624.88
463,176,110,1,1397.94,1397.94
464,176,123,1,357.47,357.47
465,176,42,2,165.34,330.68
466,177,120,2,46.6,93.2
467,177,54,1,129.59,129.59
468,177,49,2,115.0,230.0
469,178,107,2,801.4,1602.8
470,178,89,1,357.62,357.62
471,178,117,1,1968.91,1968.91
472,179,27,2,1580.23,3160.46
473,180,65,2,1923.18,3846.36
474,180,98,2,897.7,1795.4
475,181,73,2,305.97,611.94
476,181,47,1,33.79,33.79
477,181,16,2,503.78,1007.56
478,181,132,1,1125.2,1125.2
479,182,144,1,1208.31,1208.31
480,182,17,2,50.81,101.62
481,183,119,1,1495.25,1495.25
482,183,75,1,880.63,880.63
483,183,9,1,646.08,646.08
484,183,26,1,584.92,584.92
485,184,23,2,1506.15,3012.3
486,184,64,1,700.59,700.59
487,184,97,1,739.57,739.57
488,185,65,1,1923.18,1923.18
489,186,119,2,1495.25,2990.5
490,187,10,1,688.49,688.49
491,187,130,1,147.82,147.82
492,187,78,1,1439.91,1439.91
493,187,113,2,933.62,1867.24
494,188,123,2,357.47,714.94
495,188,117,2,1968.91,3937.82
496,189,121,1,655.73,655.73
497,189,21,2,646.49,1292.98
498,190,126,1,417.04,417.04
499,191,133,2,1835.56,3671.12
500,191,147,1,826.26,826.26
501,191,131,1,1795.22,1795.22
502,192,123,1,357.47,357.47
503,192,38,2,1036.49,2072.98
504,193,33,2,1244.88,2489.76
505,193,70,2,1204.03,2408.06
506,194,105,1,718.91,718.91
507,194,22,1,1063.08,1063.08
508,194,9,2,646.08,1292.16
509,195,86,2,674.55,1349.1
510,195,105,1,718.91,718.91
511,195,36,2,487.48,974.96
512,196,95,2,1497.52,2995.04
513,197,49,2,115.0,230.0
514,197,68,2,1909.7,3819.4
515,197,65,2,1923.18,3846.36
516,198,37,2,97.71,195.42
517,198,137,1,961.39,961.39
518,198,16,1,503.78,503.78
519,198,88,1,1860.11,1860.11
520,199,137,1,961.39,961.39
521,199,5,1,869.3,869.3
522,200,39,2,524.21,1048.42
523,200,16,1,503.78,503.78
524,200,104,1,910.09,910.09
525,200,56,1,336.46,336.46
526,201,29,2,1474.96,2949.92
527,201,68,2,1909.7,3819.4
528,201,34,2,339.75,679.5
529,202,142,1,1220.0,1220.0
530,203,12,2,945.61,1891.22
531,204,10,1,688.49,688.49
532,204,44,2,1186.21,2372.42
533,204,73,1,305.97,305.97
534,205,117,2,1968.91,3937.82
535,206,61,1,916.44,916.44
536,206,56,2,336.46,672.92
537,206,19,2,230.76,461.52
538,207,60,2,1167.66,2335.32
539,207,123,2,357.47,714.94
540,208,97,1,739.57,739.57
541,208,54,1,129.59,129.59
542,208,85,2,876.82,1753.64
543,208,38,2,1036.49,2072.98
544,209,145,2,400.3,800.6
545,210,78,2,1439.91,2879.82
546,210,61,1,916.44,916.44
547,211,55,1,120.66,120.66
548,211,85,1,876.82,876.82
549,211,40,2,59.67,119.34
550,212,9,1,646.08,646.08
551,212,67,1,891.91,891.91
552,212,82,1,704.59,704.59
553,212,16,2,503.78,1007.56
554,213,59,1,892.97,892.97
555,213,125,1,1166.94,1166.94
556,213,21,1,646.49,646.49
557,213,134,1,1075.17,1075.17
558,214,77,1,1273.12,1273.12
559,214,106,2,1894.86,3789.72
560,215,4,1,585.58,585.58
561,215,84,1,97.61,97.61
562,216,138,1,69.16,69.16
563,216,7,1,1589.42,1589.42
564,216,46,2,1497.01,2994.02
565,217,68,2,1909.7,3819.4
566,218,43,1,145.52,145.52
567,219,92,2,345.96,691.92
568,219,68,1,1909.7,1909.7
569,219,135,2,682.7,1365.4
570,219,4,2,585.58,1171.16
571,220,145,2,400.3,800.6
572,221,69,1,490.04,490.04
573,221,25,1,1994.53,1994.53
574,222,57,1,1448.57,1448.57
575,222,148,2,61.41,122.82
576,223,124,2,583.52,1167.04
577,224,131,2,1795.22,3590.44
578,224,115,1,221.49,221.49
579,224,19,2,230.76,461.52
580,225,89,2,357.62,715.24
581,225,23,1,1506.15,1506.15
582,226,83,1,1092.26,1092.26
583,226,136,2,143.71,287.42
584,227,65,1,1923.18,1923.18
585,228,55,2,120.66,241.32
586,228,1,2,978.26,1956.52
587,228,35,2,1242.38,2484.76
588,228,57,1,1448.57,1448.57
589,229,90,2,689.91,1379.82
590,229,28,2,619.64,1239.28
591,230,72,1,624.08,624.08
592,230,98,1,897.7,897.7
593,231,58,1,92.49,92.49
594,231,136,2,143.71,287.42
595,232,107,2,801.4,1602.8
596,233,80,1,806.11,806.11
597,233,79,2,416.75,833.5
598,233,26,2,584.92,1169.84
599,234,128,1,1908.0,1908.0
600,234,83,1,1092.26,1092.26
601,234,104,2,910.09,1820.18
602,235,72,1,624.08,624.08
603,236,69,2,490.04,980.08
604,236,24,1,360.26,360.26
605,237,4,1,585.58,585.58
606,237,129,1,761.85,761.85
607,237,126,2,417.04,834.08
608,238,109,2,591.49,1182.98
609,238,52,2,187.01,374.02
610,238,27,1,1580.23,1580.23
611,239,111,2,849.44,1698.88
612,239,98,2,897.7,1795.4
613,239,68,1,1909.7,1909.7
614,240,65,2,1923.18,3846.36
615,240,129,1,761.85,761.85
616,241,81,2,464.06,928.12
617,241,6,1,888.56,888.56
618,241,60,1,1167.66,1167.66
619,242,87,2,1261.9,2523.8
620,243,120,2,46.6,93.2
621,243,107,2,801.4,1602.8
622,244,145,2,400.3,800.6
623,244,40,2,59.67,119.34
624,244,149,1,701.61,701.61
625,245,30,1,445.93,445.93
626,246,47,2,33.79,67.58
627,247,76,2,578.17,1156.34
628,248,72,1,624.08,624.08
629,248,16,1,503.78,503.78
630,249,132,1,1125.2,1125.2
631,249,22,1,1063.08,1063.08
632,249,62,2,1964.74,3929.48
633,250,21,1,646.49,646.49
634,251,146,1,854.05,854.05
635,251,32,1,210.36,210.36
636,251,108,1,351.2,351.2
637,252,110,2,1397.94,2795.88
638,252,42,2,165.34,330.68
639,252,136,2,143.71,287.42
640,252,30,1,445.93,445.93
641,253,94,2,1151.39,2302.78
642,254,122,2,448.34,896.68
643,255,113,2,933.62,1867.24
644,256,26,2,584.92,1169.84
645,256,140,2,482.66,965.32
646,256,136,2,143.71,287.42
647,256,7,2,1589.42,3178.84
648,257,50,2,417.74,835.48
649,258,46,2,1497.01,2994.02
650,259,129,1,761.85,761.85
651,260,63,2,140.69,281.38
652,261,73,2,305.97,611.94
653,262,97,1,739.57,739.57
654,262,74,1,135.3,135.3
655,263,97,2,739.57,1479.14
656,263,23,2,1506.15,3012.3
657,263,77,1,1273.12,1273.12
658,264,39,1,524.21,524.21
659,264,104,1,910.09,910.09
660,264,143,2,897.89,1795.78
661,265,67,1,891.91,891.91
662,266,143,1,897.89,897.89
663,266,112,1,104.51,104.51
664,266,115,2,221.49,442.98
665,267,25,1,1994.53,1994.53
666,267,27,1,1580.23,1580.23
667,268,106,2,1894.86,3789.72
668,268,35,1,1242.38,1242.38
669,269,89,1,357.62,357.62
670,269,65,2,1923.18,3846.36
671,269,57,1,1448.57,1448.57
672,269,106,2,1894.86,3789.72
673,270,140,1,482.66,482.66
674,270,110,2,1397.94,2795.88
675,270,129,1,761.85,761.85
676,270,125,1,1166.94,1166.94
677,271,72,2,624.08,1248.16
678,271,109,1,591.49,591.49
679,271,50,1,417.74,417.74
680,272,118,2,562.41,1124.82
681,273,99,2,1130.87,2261.74
682,273,124,2,583.52,1167.04
683,274,70,2,1204.03,2408.06
684,274,99,2,1130.87,2261.74
685,274,40,1,59.67,59.67
686,274,108,1,351.2,351.2
687,275,90,2,689.91,1379.82
688,275,87,1,1261.9,1261.9
689,275,97,2,739.57,1479.14
690,276,140,2,482.66,965.32
691,276,27,1,1580.23,1580.23
692,276,23,1,1506.15,1506.15
693,276,117,1,1968.91,1968.91
694,277,69,1,490.04,490.04
695,277,46,2,1497.01,2994.02
696,277,81,2,464.06,928.12
697,278,36,1,487.48,487.48
698,278,68,1,1909.7,1909.7
699,278,83,1,1092.26,1092.26
700,279,16,1,503.78,503.78
701,279,103,1,312.44,312.44
702,280,5,2,869.3,1738.6
703,280,63,2,140.69,281.38
704,280,25,2,1994.53,3989.06
705,281,103,1,312.44,312.44
706,282,91,2,438.61,877.22
707,282,110,1,1397.94,1397.94
708,282,82,1,704.59,704.59
709,283,144,1,1208.31,1208.31
710,284,57,2,1448.57,2897.14
711,284,96,2,771.82,1543.64
712,285,84,2,97.61,195.22
713,285,12,1,945.61,945.61
714,285,18,1,670.96,670.96
715,285,67,1,891.91,891.91
716,286,13,1,749.22,749.22
717,286,51,1,602.93,602.93
718,286,84,2,97.61,195.22
719,287,72,2,624.08,1248.16
720,287,133,2,1835.56,3671.12
721,287,30,2,445.93,891.86
722,287,43,1,145.52,145.52
723,288,4,2,585.58,1171.16
724,288,44,2,1186.21,2372.42
725,288,22,2,1063.08,2126.16
726,289,4,1,585.58,585.58
727,290,144,2,1208.31,2416.62
728,290,69,2,490.04,980.08
729,291,80,1,806.11,806.11
730,291,65,1,1923.18,1923.18
731,291,32,1,210.36,210.36
732,292,112,2,104.51,209.02
733,292,66,1,1089.73,1089.73
734,292,58,1,92.49,92.49
735,293,39,2,524.21,1048.42
736,293,138,1,69.16,69.16
737,293,124,1,583.52,583.52
738,293,70,1,1204.03,1204.03
739,294,75,1,880.63,880.63
740,294,81,1,464.06,464.06
741,294,71,1,304.79,304.79
742,294,34,2,339.75,679.5
743,295,68,2,1909.7,3819.4
744,295,80,2,806.11,1612.22
745,295,41,1,180.3,180.3
746,296,37,1,97.71,97.71
747,296,147,2,826.26,1652.52
748,296,96,1,771.82,771.82
749,296,110,1,1397.94,1397.94
750,297,8,2,200.01,400.02
751,298,26,2,584.92,1169.84
752,298,125,2,1166.94,2333.88
753,298,98,1,897.7,897.7
754,299,83,2,1092.26,2184.52
755,300,2,2,217.43,434.86
756,300,128,1,1908.0,1908.0
757,300,18,1,670.96,670.96
758,300,1,2,978.26,1956.52
759,301,1,1,978.26,978.26
760,301,99,2,1130.87,2261.74
761,302,101,2,1579.35,3158.7
762,302,44,1,1186.21,1186.21
763,303,96,2,771.82,1543.64
764,303,95,1,1497.52,1497.52
765,303,81,2,464.06,928.12
766,304,143,1,897.89,897.89
767,304,82,2,704.59,1409.18
768,304,35,1,1242.38,1242.38
769,305,64,2,700.59,1401.18
770,305,84,1,97.61,97.61
771,305,42,1,165.34,165.34
772,306,91,1,438.61,438.61
773,306,116,2,634.79,1269.58
774,306,127,1,58.8,58.8
775,307,90,2,689.91,1379.82
776,308,85,1,876.82,876.82
777,309,133,2,1835.56,3671.12
778,309,29,2,1474.96,2949.92
779,310,61,1,916.44,916.44
780,311,108,2,351.2,702.4
781,311,20,1,558.12,558.12
782,311,67,2,891.91,1783.82
783,311,113,2,933.62,1867.24
784,312,10,1,688.49,688.49
785,313,124,1,583.52,583.52
786,313,8,1,200.01,200.01
787,313,104,2,910.09,1820.18
788,314,45,2,88.7,177.4
789,314,118,1,562.41,562.41
790,315,38,2,1036.49,2072.98
791,315,35,2,1242.38,2484.76
792,315,5,2,869.3,1738.6
793,315,78,1,1439.91,1439.91
794,316,60,1,1167.66,1167.66
795,316,40,1,59.67,59.67
796,316,31,2,60.91,121.82
797,316,56,1,336.46,336.46
798,317,21,2,646.49,1292.98
799,317,148,2,61.41,122.82
800,317,116,1,634.79,634.79
801,318,78,2,1439.91,2879.82
802,318,47,2,33.79,67.58
803,319,89,1,357.62,357.62
804,320,81,1,464.06,464.06
805,320,16,1,503.78,503.78
806,320,42,1,165.34,165.34
807,320,24,1,360.26,360.26
808,321,88,2,1860.11,3720.22
809,321,121,2,655.73,1311.46
810,321,123,1,357.47,357.47
811,322,129,2,761.85,1523.7
812,322,25,2,1994.53,3989.06
813,323,89,1,357.62,357.62
814,323,90,2,689.91,1379.82
815,323,71,2,304.79,609.58
816,323,117,1,1968.91,1968.91
817,324,103,1,312.44,312.44
818,325,88,1,1860.11,1860.11
819,326,54,1,129.59,129.59
820,326,149,1,701.61,701.61
821,326,35,1,1242.38,1242.38
822,326,62,2,1964.74,3929.48
823,327,7,2,1589.42,3178.84
824,327,36,1,487.48,487.48
825,328,10,1,688.49,688.49
826,329,106,1,1894.86,1894.86
827,329,77,2,1273.12,2546.24
828,330,65,1,1923.18,1923.18
829,330,73,1,305.97,305.97
830,330,123,2,357.47,714.94
831,331,126,1,417.04,417.04
832,332,137,1,961.39,961.39
833,332,129,2,761.85,1523.7
834,333,140,2,482.66,965.32
835,333,92,2,345.96,691.92
836,333,131,2,1795.22,3590.44
837,333,68,2,1909.7,3819.4
838,334,4,2,585.58,1171.16
839,335,111,1,849.44,849.44
840,335,117,2,1968.91,3937.82
841,336,118,1,562.41,562.41
842,337,104,2,910.09,1820.18
843,337,33,1,1244.88,1244.88
844,338,63,2,140.69,281.38
845,338,79,2,416.75,833.5
846,338,141,2,819.69,1639.38
847,338,68,1,1909.7,1909.7
848,339,147,1,826.26,826.26
849,339,20,1,558.12,558.12
850,339,112,1,104.51,104.51
851,339,150,2,719.92,1439.84
852,340,117,1,1968.91,1968.91
853,340,11,1,800.53,800.53
854,341,72,1,624.08,624.08
855,341,44,1,1186.21,1186.21
856,342,112,1,104.51,104.51
857,342,89,1,357.62,357.62
858,342,4,2,585.58,1171.16
859,343,112,2,104.51,209.02
860,343,14,2,729.09,1458.18
861,343,3,1,1375.53,1375.53
862,344,78,2,1439.91,2879.82
863,344,68,2,1909.7,3819.4
864,345,4,2,585.58,1171.16
865,345,89,1,357.62,357.62
866,345,92,2,345.96,691.92
867,345,134,1,1075.17,1075.17
868,346,55,1,120.66,120.66
869,346,82,2,704.59,1409.18
870,346,18,2,670.96,1341.92
871,347,144,2,1208.31,2416.62
872,347,138,2,69.16,138.32
873,347,54,1,129.59,129.59
874,348,10,1,688.49,688.49
875,348,148,2,61.41,122.82
876,348,109,2,591.49,1182.98
877,349,28,2,619.64,1239.28
878,350,138,2,69.16,138.32
879,350,125,2,1166.94,2333.88
880,350,52,2,187.01,374.02
881,350,133,1,1835.56,1835.56
882,351,145,2,400.3,800.6
883,351,127,1,58.8,58.8
884,352,102,2,527.12,1054.24
885,352,55,2,120.66,241.32
886,352,40,1,59.67,59.67
887,353,29,2,1474.96,2949.92
888,353,41,1,180.3,180.3
889,354,87,1,1261.9,1261.9
890,354,47,1,33.79,33.79
891,355,85,2,876.82,1753.64
892,356,122,1,448.34,448.34
893,356,130,2,147.82,295.64
894,356,83,2,1092.26,2184.52
895,356,87,2,1261.9,2523.8
896,357,100,1,725.55,725.55
897,357,88,1,1860.11,1860.11
898,357,22,1,1063.08,1063.08
899,357,146,1,854.05,854.05
900,358,61,1,916.44,916.44
901,358,83,2,1092.26,2184.52
902,359,125,1,1166.94,1166.94
903,359,71,1,304.79,304.79
904,359,132,1,1125.2,1125.2
905,360,23,1,1506.15,1506.15
906,360,124,1,583.52,583.52
907,361,89,1,357.62,357.62
908,362,123,2,357.47,714.94
909,362,75,1,880.63,880.63
910,362,5,2,869.3,1738.6
911,363,74,2,135.3,270.6
912,364,124,2,583.52,1167.04
913,364,72,1,624.08,624.08
914,365,101,1,1579.35,1579.35
915,366,120,1,46.6,46.6
916,366,125,2,1166.94,2333.88
917,366,35,1,1242.38,1242.38
918,367,116,2,634.79,1269.58
919,367,64,1,700.59,700.59
920,367,127,1,58.8,58.8
921,368,63,2,140.69,281.38
922,368,41,2,180.3,360.6
923,369,24,1,360.26,360.26
924,370,141,2,819.69,1639.38
925,370,25,2,1994.53,3989.06
926,370,45,1,88.7,88.7
927,370,21,2,646.49,1292.98
928,371,16,2,503.78,1007.56
929,371,57,2,1448.57,2897.14
930,371,95,1,1497.52,1497.52
931,372,78,1,1439.91,1439.91
932,373,4,2,585.58,1171.16
933,374,89,1,357.62,357.62
934,374,120,1,46.6,46.6
935,374,133,1,1835.56,1835.56
936,375,7,1,1589.42,1589.42
937,376,97,2,739.57,1479.14
938,376,94,1,1151.39,1151.39
939,377,21,1,646.49,646.49
940,377,99,1,1130.87,1130.87
941,378,65,2,1923.18,3846.36
942,378,126,1,417.04,417.04
943,378,44,1,1186.21,1186.21
944,379,116,1,634.79,634.79
945,379,14,1,729.09,729.09
946,380,116,1,634.79,634.79
947,380,4,2,585.58,1171.16
948,380,75,1,880.63,880.63
949,381,139,2,70.49,140.98
950,381,67,2,891.91,1783.82
951,382,29,2,1474.96,2949.92
952,382,28,1,619.64,619.64
953,382,78,1,1439.91,1439.91
954,382,93,1,783.23,783.23
955,383,105,2,718.91,1437.82
956,383,78,2,1439.91,2879.82
957,383,77,1,1273.12,1273.12
958,383,71,2,304.79,609.58
959,384,148,1,61.41,61.41
960,384,29,1,1474.96,1474.96
961,385,82,1,704.59,704.59
962,385,21,1,646.49,646.49
963,386,74,2,135.3,270.6
964,386,32,1,210.36,210.36
965,386,48,2,504.02,1008.04
966,386,55,2,120.66,241.32
967,387,91,2,438.61,877.22
968,387,29,2,1474.96,2949.92
969,387,72,1,624.08,624.08
970,387,141,1,819.69,819.69
971,388,13,2,749.22,1498.44
972,388,71,1,304.79,304.79
973,389,65,1,1923.18,1923.18
974,389,124,2,583.52,1167.04
975,389,119,2,1495.25,2990.5
976,389,110,2,1397.94,2795.88
977,390,144,2,1208.31,2416.62
978,390,33,1,1244.88,1244.88
979,390,120,2,46.6,93.2
980,390,119,2,1495.25,2990.5
981,391,55,1,120.66,120.66
982,391,39,1,524.21,524.21
983,392,23,2,1506.15,3012.3
984,392,134,2,1075.17,2150.34
985,392,73,1,305.97,305.97
986,392,43,2,145.52,291.04
987,393,10,2,688.49,1376.98
988,393,76,1,578.17,578.17
989,394,38,1,1036.49,1036.49
990,395,136,2,143.71,287.42
991,395,63,2,140.69,281.38
992,396,18,1,670.96,670.96
993,397,41,2,180.3,360.6
994,397,128,1,1908.0,1908.0
995,398,77,2,1273.12,2546.24
996,398,124,1,583.52,583.52
997,399,47,1,33.79,33.79
998,399,106,2,1894.86,3789.72
999,400,108,2,351.2,702.4
1000,400,14,2,729.09,1458.18
1001,400,20,1,558.12,558.12
1002,401,52,2,187.01,374.02
1003,402,120,1,46.6,46.6
1004,403,150,1,719.92,719.92
1005,404,141,2,819.69,1639.38
1006,405,84,2,97.61,195.22
1007,405,144,1,1208.31,1208.31
1008,405,57,1,1448.57,1448.57
1009,406,84,1,97.61,97.61
1010,407,98,2,897.7,1795.4
1011,407,109,2,591.49,1182.98
1012,407,36,2,487.48,974.96
1013,407,49,1,115.0,115.0
1014,408,102,2,527.12,1054.24
1015,408,31,1,60.91,60.91
1016,408,134,2,1075.17,2150.34
1017,408,100,2,725.55,1451.1
1018,409,140,2,482.66,965.32
1019,410,112,2,104.51,209.02
1020,410,75,2,880.63,1761.26
1021,410,144,1,1208.31,1208.31
1022,410,32,2,210.36,420.72
1023,411,105,2,718.91,1437.82
1024,411,123,2,357.47,714.94
1025,411,107,2,801.4,1602.8
1026,412,144,1,1208.31,1208.31
1027,412,6,1,888.56,888.56
1028,413,7,1,1589.42,1589.42
1029,413,114,2,1433.0,2866.0
1030,413,59,2,892.97,1785.94
1031,413,37,1,97.71,97.71
1032,414,71,2,304.79,609.58
1033,414,95,1,1497.52,1497.52
1034,415,116,2,634.79,1269.58
1035,416,13,2,749.22,1498.44
1036,416,131,1,1795.22,1795.22
1037,416,104,2,910.09,1820.18
1038,416,53,2,178.66,357.32
1039,417,46,1,1497.01,1497.01
1040,418,103,1,312.44,312.44
1041,418,125,1,1166.94,1166.94
1042,419,141,1,819.69,819.69
1043,419,19,2,230.76,461.52
1044,419,53,1,178.66,178.66
1045,419,95,1,1497.52,1497.52
1046,420,36,2,487.48,974.96
1047,420,106,1,1894.86,1894.86
1048,421,8,1,200.01,200.01
1049,422,56,1,336.46,336.46
1050,422,11,1,800.53,800.53
1051,422,85,1,876.82,876.82
1052,423,136,2,143.71,287.42
1053,423,50,2,417.74,835.48
1054,424,49,1,115.0,115.0
1055,424,106,2,1894.86,3789.72
1056,424,135,2,682.7,1365.4
1057,424,61,2,916.44,1832.88
1058,425,61,1,916.44,916.44
1059,426,8,2,200.01,400.02
1060,426,12,2,945.61,1891.22
1061,426,29,1,1474.96,1474.96
1062,427,68,1,1909.7,1909.7
1063,427,9,1,646.08,646.08
1064,427,145,1,400.3,400.3
1065,428,23,1,1506.15,1506.15
1066,429,119,1,1495.25,1495.25
1067,429,146,2,854.05,1708.1
1068,429,71,2,304.79,609.58
1069,430,61,2,916.44,1832.88
1070,430,49,1,115.0,115.0
1071,430,22,2,1063.08,2126.16
1072,431,5,1,869.3,869.3
1073,432,129,1,761.85,761.85
1074,433,131,1,1795.22,1795.22
1075,433,34,2,339.75,679.5
1076,433,85,2,876.82,1753.64
1077,434,142,2,1220.0,2440.0
1078,434,73,2,305.97,611.94
1079,434,14,2,729.09,1458.18
1080,435,68,1,1909.7,1909.7
1081,436,30,1,445.93,445.93
1082,436,10,2,688.49,1376.98
1083,436,24,2,360.26,720.52
1084,437,100,2,725.55,1451.1
1085,437,53,2,178.66,357.32
1086,437,40,1,59.67,59.67
1087,438,97,1,739.57,739.57
1088,439,68,1,1909.7,1909.7
1089,439,26,1,584.92,584.92
1090,439,86,1,674.55,674.55
1091,439,79,1,416.75,416.75
1092,440,5,2,869.3,1738.6
1093,440,11,2,800.53,1601.06
1094,440,51,1,602.93,602.93
1095,441,35,1,1242.38,1242.38
1096,441,67,1,891.91,891.91
1097,442,37,2,97.71,195.42
1098,442,131,2,1795.22,3590.44
1099,443,9,2,646.08,1292.16
1100,443,112,2,104.51,209.02
1101,443,73,2,305.97,611.94
1102,444,107,2,801.4,1602.8
1103,444,129,1,761.85,761.85
1104,445,30,1,445.93,445.93
1105,446,125,2,1166.94,2333.88
1106,446,119,2,1495.25,2990.5
1107,447,107,2,801.4,1602.8
1108,448,27,1,1580.23,1580.23
1109,448,70,2,1204.03,2408.06
1110,449,111,2,849.44,1698.88
1111,449,4,1,585.58,585.58
1112,450,61,2,916.44,1832.88
1113,451,32,1,210.36,210.36
1114,452,54,1,129.59,129.59
1115,452,78,2,1439.91,2879.82
1116,453,42,1,165.34,165.34
1117,453,110,1,1397.94,1397.94
1118,453,113,2,933.62,1867.24
1119,453,112,1,104.51,104.51
1120,454,108,2,351.2,702.4
1121,454,23,2,1506.15,3012.3
1122,454,48,2,504.02,1008.04
1123,455,37,2,97.71,195.42
1124,455,106,2,1894.86,3789.72
1125,456,138,1,69.16,69.16
1126,456,80,1,806.11,806.11
1127,456,145,1,400.3,400.3
1128,456,148,1,61.41,61.41
1129,457,124,1,583.52,583.52
1130,457,39,1,524.21,524.21
1131,457,46,1,1497.01,1497.01
1132,458,118,1,562.41,562.41
1133,459,44,1,1186.21,1186.21
1134,459,145,1,400.3,400.3
1135,460,145,1,400.3,400.3
1136,460,129,1,761.85,761.85
1137,461,31,2,60.91,121.82
1138,461,43,1,145.52,145.52
1139,461,9,1,646.08,646.08
1140,462,21,1,646.49,646.49
1141,462,100,2,725.55,1451.1
1142,463,75,1,880.63,880.63
1143,463,65,2,1923.18,3846.36
1144,463,140,1,482.66,482.66
1145,464,100,2,725.55,1451.1
1146,464,145,2,400.3,800.6
1147,464,111,1,849.44,849.44
1148,465,98,1,897.7,897.7
1149,465,140,1,482.66,482.66
1150,466,111,1,849.44,849.44
1151,466,39,1,524.21,524.21
1152,466,25,1,1994.53,1994.53
1153,467,19,2,230.76,461.52
1154,468,134,2,1075.17,2150.34
1155,468,131,1,1795.22,1795.22
1156,468,96,1,771.82,771.82
1157,469,79,1,416.75,416.75
1158,469,25,1,1994.53,1994.53
1159,469,19,1,230.76,230.76
1160,470,71,1,304.79,304.79
1161,471,142,1,1220.0,1220.0
1162,472,43,2,145.52,291.04
1163,472,99,2,1130.87,2261.74
1164,472,66,1,1089.73,1089.73
1165,473,59,1,892.97,892.97
1166,474,107,1,801.4,801.4
1167,475,108,1,351.2,351.2
1168,476,16,1,503.78,503.78
1169,476,15,1,1025.09,1025.09
1170,476,78,2,1439.91,2879.82
1171,477,38,1,1036.49,1036.49
1172,477,104,2,910.09,1820.18
1173,477,29,1,1474.96,1474.96
1174,478,62,2,1964.74,3929.48
1175,478,11,1,800.53,800.53
1176,478,116,2,634.79,1269.58
1177,479,54,1,129.59,129.59
1178,480,134,2,1075.17,2150.34
1179,480,28,1,619.64,619.64
1180,480,53,2,178.66,357.32
1181,481,13,1,749.22,749.22
1182,482,35,2,1242.38,2484.76
1183,483,61,2,916.44,1832.88
1184,483,7,1,1589.42,1589.42
1185,483,118,2,562.41,1124.82
1186,483,6,2,888.56,1777.12
1187,484,45,2,88.7,177.4
1188,485,11,2,800.53,1601.06
1189,485,42,1,165.34,165.34
1190,486,142,1,1220.0,1220.0
1191,486,146,2,854.05,1708.1
1192,487,8,1,200.01,200.01
1193,487,143,2,897.89,1795.78
1194,488,49,1,115.0,115.0
1195,488,102,2,527.12,1054.24
1196,488,43,1,145.52,145.52
1197,489,119,1,1495.25,1495.25
1198,490,78,2,1439.91,2879.82
1199,491,88,1,1860.11,1860.11
1200,491,67,1,891.91,891.91
1201,492,150,2,719.92,1439.84
1202,492,108,2,351.2,702.4
1203,493,13,2,749.22,1498.44
1204,493,102,1,527.12,527.12
1205,494,141,1,819.69,819.69
1206,494,145,2,400.3,800.6
1207,494,66,2,1089.73,2179.46
1208,494,20,1,558.12,558.12
1209,495,114,1,1433.0,1433.0
1210,495,38,2,1036.49,2072.98
1211,495,76,1,578.17,578.17
1212,495,146,2,854.05,1708.1
1213,496,65,1,1923.18,1923.18
1214,497,90,1,689.91,689.91
1215,497,67,1,891.91,891.91
1216,497,11,1,800.53,800.53
1217,497,81,2,464.06,928.12
1218,498,22,2,1063.08,2126.16
1219,498,126,1,417.04,417.04
1220,498,80,1,806.11,806.11
1221,498,67,2,891.91,1783.82
1222,499,75,1,880.63,880.63
1223,499,122,2,448.34,896.68
1224,500,137,1,961.39,961.39
1225,500,85,1,876.82,876.82
1226,500,65,2,1923.18,3846.36
1227,500,107,1,801.4,801.4
1228,501,61,2,916.44,1832.88
1229,501,88,2,1860.11,3720.22
1230,501,123,1,357.47,357.47
1231,501,77,2,1273.12,2546.24
1232,502,9,2,646.08,1292.16
1233,502,49,2,115.0,230.0
1234,502,42,2,165.34,330.68
1235,503,118,1,562.41,562.41
1236,503,57,2,1448.57,2897.14
1237,504,52,1,187.01,187.01
1238,505,96,2,771.82,1543.64
1239,505,42,1,165.34,165.34
1240,506,89,1,357.62,357.62
1241,506,136,2,143.71,287.42
1242,506,63,2,140.69,281.38
1243,506,46,2,1497.01,2994.02
1244,507,50,1,417.74,417.74
1245,507,6,2,888.56,1777.12
1246,508,26,1,584.92,584.92
1247,508,121,2,655.73,1311.46
1248,508,3,2,1375.53,2751.06
1249,508,75,2,880.63,1761.26
1250,509,30,1,445.93,445.93
1251,509,119,1,1495.25,1495.25
1252,509,20,1,558.12,558.12
1253,509,52,2,187.01,374.02
1254,510,25,1,1994.53,1994.53
1255,510,141,2,819.69,1639.38
1256,510,114,1,1433.0,1433.0
1257,511,140,1,482.66,482.66
1258,511,132,2,1125.2,2250.4
1259,512,110,2,1397.94,2795.88
1260,512,45,1,88.7,88.7
1261,512,74,2,135.3,270.6
1262,513,66,2,1089.73,2179.46
1263,513,60,2,1167.66,2335.32
1264,514,88,1,1860.11,1860.11
1265,514,44,2,1186.21,2372.42
1266,515,107,2,801.4,1602.8
1267,515,101,2,1579.35,3158.7
1268,515,106,1,1894.86,1894.86
1269,516,22,2,1063.08,2126.16
1270,516,57,1,1448.57,1448.57
1271,516,95,2,1497.52,2995.04
1272,517,104,2,910.09,1820.18
1273,517,26,2,584.92,1169.84
1274,517,146,2,854.05,1708.1
1275,518,25,2,1994.53,3989.06
1276,518,75,1,880.63,880.63
1277,518,8,1,200.01,200.01
1278,519,17,1,50.81,50.81
1279,519,2,1,217.43,217.43
1280,519,84,1,97.61,97.61
1281,520,132,2,1125.2,2250.4
1282,520,98,1,897.7,897.7
1283,520,42,2,165.34,330.68
1284,521,115,2,221.49,442.98
1285,521,77,1,1273.12,1273.12
1286,521,10,2,688.49,1376.98
1287,521,91,1,438.61,438.61
1288,522,84,2,97.61,195.22
1289,523,70,2,1204.03,2408.06
1290,523,9,1,646.08,646.08
1291,523,109,1,591.49,591.49
1292,524,124,2,583.52,1167.04
1293,524,127,1,58.8,58.8
1294,525,141,1,819.69,819.69
1295,525,107,1,801.4,801.4
1296,525,129,1,761.85,761.85
1297,526,62,1,1964.74,1964.74
1298,526,61,2,916.44,1832.88
1299,526,146,2,854.05,1708.1
1300,527,88,1,1860.11,1860.11
1301,527,76,1,578.17,578.17
1302,528,57,1,1448.57,1448.57
1303,528,148,1,61.41,61.41
1304,529,56,1,336.46,336.46
1305,529,63,2,140.69,281.38
1306,529,78,2,1439.91,2879.82
1307,529,28,2,619.64,1239.28
1308,530,145,1,400.3,400.3
1309,531,15,2,1025.09,2050.18
1310,531,54,1,129.59,129.59
1311,531,35,2,1242.38,2484.76
1312,532,51,2,602.93,1205.86
1313,532,73,1,305.97,305.97
1314,532,77,1,1273.12,1273.12
1315,532,60,1,1167.66,1167.66
1316,533,82,2,704.59,1409.18
1317,534,135,2,682.7,1365.4
1318,534,24,2,360.26,720.52
1319,535,51,2,602.93,1205.86
1320,536,72,1,624.08,624.08
1321,536,83,2,1092.26,2184.52
1322,537,57,1,1448.57,1448.57
1323,538,56,2,336.46,672.92
1324,538,144,1,1208.31,1208.31
1325,539,13,1,749.22,749.22
1326,540,29,2,1474.96,2949.92
1327,541,123,2,357.47,714.94
1328,542,116,2,634.79,1269.58
1329,542,145,2,400.3,800.6
1330,542,149,1,701.61,701.61
1331,543,24,2,360.26,720.52
1332,543,31,1,60.91,60.91
1333,543,70,2,1204.03,2408.06
1334,543,72,2,624.08,1248.16
1335,544,91,2,438.61,877.22
1336,544,121,2,655.73,1311.46
1337,545,107,1,801.4,801.4
1338,545,28,1,619.64,619.64
1339,545,36,1,487.48,487.48
1340,546,2,1,217.43,217.43
1341,547,38,2,1036.49,2072.98
1342,547,95,2,1497.52,2995.04
1343,547,58,1,92.49,92.49
1344,548,98,2,897.7,1795.4
1345,549,124,2,583.52,1167.04
1346,549,144,2,1208.31,2416.62
1347,550,107,1,801.4,801.4
1348,551,105,1,718.91,718.91
1349,551,104,1,910.09,910.09
1350,551,134,1,1075.17,1075.17
1351,552,38,1,1036.49,1036.49
1352,552,68,1,1909.7,1909.7
1353,552,85,2,876.82,1753.64
1354,552,43,2,145.52,291.04
1355,553,117,1,1968.91,1968.91
1356,553,23,1,1506.15,1506.15
1357,553,120,1,46.6,46.6
1358,554,103,2,312.44,624.88
1359,554,91,1,438.61,438.61
1360,555,16,2,503.78,1007.56
1361,555,22,2,1063.08,2126.16
1362,555,41,2,180.3,360.6
1363,556,59,1,892.97,892.97
1364,556,37,2,97.71,195.42
1365,556,140,1,482.66,482.66
1366,557,51,2,602.93,1205.86
1367,557,33,1,1244.88,1244.88
1368,557,32,1,210.36,210.36
1369,557,97,2,739.57,1479.14
1370,558,21,2,646.49,1292.98
1371,558,30,1,445.93,445.93
1372,559,44,2,1186.21,2372.42
1373,559,85,2,876.82,1753.64
1374,560,109,1,591.49,591.49
1375,561,41,2,180.3,360.6
1376,561,6,1,888.56,888.56
1377,561,45,2,88.7,177.4
1378,561,16,2,503.78,1007.56
1379,562,73,2,305.97,611.94
1380,563,62,2,1964.74,3929.48
1381,563,104,2,910.09,1820.18
1382,564,50,2,417.74,835.48
1383,564,49,1,115.0,115.0
1384,564,2,1,217.43,217.43
1385,564,87,2,1261.9,2523.8
1386,565,74,1,135.3,135.3
1387,565,14,1,729.09,729.09
1388,565,98,2,897.7,1795.4
1389,566,59,1,892.97,892.97
1390,566,54,1,129.59,129.59
1391,566,28,2,619.64,1239.28
1392,567,147,2,826.26,1652.52
1393,567,33,1,1244.88,1244.88
1394,568,83,2,1092.26,2184.52
1395,568,4,1,585.58,585.58
1396,569,68,1,1909.7,1909.7
1397,569,24,1,360.26,360.26
1398,569,30,2,445.93,891.86
1399,570,14,2,729.09,1458.18
1400,570,42,1,165.34,165.34
1401,570,100,1,725.55,725.55
1402,570,125,1,1166.94,1166.94
1403,571,127,1,58.8,58.8
1404,571,148,2,61.41,122.82
1405,571,61,1,916.44,916.44
1406,571,129,2,761.85,1523.7
1407,572,121,1,655.73,655.73
1408,572,100,1,725.55,725.55
1409,573,115,1,221.49,221.49
1410,573,148,1,61.41,61.41
1411,573,125,2,1166.94,2333.88
1412,573,76,2,578.17,1156.34
1413,574,20,2,558.12,1116.24
1414,574,130,2,147.82,295.64
1415,574,18,1,670.96,670.96
1416,574,7,2,1589.42,3178.84
1417,575,4,1,585.58,585.58
1418,575,53,1,178.66,178.66
1419,575,116,2,634.79,1269.58
1420,576,120,2,46.6,93.2
1421,576,76,1,578.17,578.17
1422,577,12,1,945.61,945.61
1423,577,21,2,646.49,1292.98
1424,578,50,2,417.74,835.48
1425,578,113,2,933.62,1867.24
1426,579,101,2,1579.35,3158.7
1427,580,106,2,1894.86,3789.72
1428,580,6,2,888.56,1777.12
1429,581,118,1,562.41,562.41
1430,582,96,2,771.82,1543.64
1431,583,81,1,464.06,464.06
1432,583,21,1,646.49,646.49
1433,584,9,2,646.08,1292.16
1434,585,93,2,783.23,1566.46
1435,585,104,2,910.09,1820.18
1436,585,45,2,88.7,177.4
1437,586,10,2,688.49,1376.98
1438,586,100,2,725.55,1451.1
1439,586,107,1,801.4,801.4
1440,586,111,1,849.44,849.44
1441,587,75,1,880.63,880.63
1442,587,18,2,670.96,1341.92
1443,587,37,2,97.71,195.42
1444,588,141,1,819.69,819.69
1445,588,43,1,145.52,145.52
1446,588,59,2,892.97,1785.94
1447,589,67,1,891.91,891.91
1448,590,40,1,59.67,59.67
1449,590,92,1,345.96,345.96
1450,591,106,2,1894.86,3789.72
1451,591,59,2,892.97,1785.94
1452,592,23,2,1506.15,3012.3
1453,592,135,1,682.7,682.7
1454,592,62,1,1964.74,1964.74
1455,593,134,1,1075.17,1075.17
1456,594,86,2,674.55,1349.1
1457,595,119,2,1495.25,2990.5
1458,595,17,1,50.81,50.81
1459,595,82,1,704.59,704.59
1460,595,141,2,819.69,1639.38
1461,596,123,1,357.47,357.47
1462,596,43,2,145.52,291.04
1463,597,112,2,104.51,209.02
1464,597,131,2,1795.22,3590.44
1465,597,16,2,503.78,1007.56
1466,598,106,2,1894.86,3789.72
1467,598,1,1,978.26,978.26
1468,598,141,2,819.69,1639.38
1469,598,54,2,129.59,259.18
1470,599,62,2,1964.74,3929.48
1471,599,94,2,1151.39,2302.78
1472,599,30,2,445.93,891.86
1473,599,37,1,97.71,97.71
1474,600,82,1,704.59,704.59
1475,600,113,2,933.62,1867.24
1476,600,73,2,305.97,611.94
1477,600,121,2,655.73,1311.46
1478,601,83,2,1092.26,2184.52
1479,601,11,1,800.53,800.53
1480,601,44,2,1186.21,2372.42
1481,601,64,1,700.59,700.59
1482,602,69,2,490.04,980.08
1483,602,84,2,97.61,195.22
1484,602,73,2,305.97,611.94
1485,602,81,1,464.06,464.06
1486,603,48,2,504.02,1008.04
1487,603,49,2,115.0,230.0
1488,603,89,1,357.62,357.62
1489,604,95,2,1497.52,2995.04
1490,604,104,1,910.09,910.09
1491,604,6,2,888.56,1777.12
1492,605,1,1,978.26,978.26
1493,605,34,2,339.75,679.5
1494,605,111,2,849.44,1698.88
1495,605,49,2,115.0,230.0
1496,606,104,1,910.09,910.09
1497,606,70,2,1204.03,2408.06
1498,606,27,1,1580.23,1580.23
1499,606,144,2,1208.31,2416.62
1500,607,21,2,646.49,1292.98
1501,607,38,2,1036.49,2072.98
1502,607,36,1,487.48,487.48
1503,607,35,1,1242.38,1242.38
1504,608,133,1,1835.56,1835.56
1505,609,13,2,749.22,1498.44
1506,610,18,2,670.96,1341.92
1507,610,26,1,584.92,584.92
1508,610,25,1,1994.53,1994.53
1509,611,91,1,438.61,438.61
1510,611,49,1,115.0,115.0
1511,612,72,2,624.08,1248.16
1512,613,82,2,704.59,1409.18
1513,613,98,2,897.7,1795.4
1514,614,17,1,50.81,50.81
1515,614,128,2,1908.0,3816.0
1516,615,144,1,1208.31,1208.31
1517,616,136,1,143.71,143.71
1518,617,7,1,1589.42,1589.42
1519,617,22,1,1063.08,1063.08
1520,618,129,2,761.85,1523.7
1521,618,146,2,854.05,1708.1
1522,618,17,2,50.81,101.62
1523,619,49,2,115.0,230.0
1524,620,145,1,400.3,400.3
1525,621,74,2,135.3,270.6
1526,621,84,2,97.61,195.22
1527,621,57,2,1448.57,2897.14
1528,621,150,1,719.92,719.92
1529,622,10,2,688.49,1376.98
1530,622,114,1,1433.0,1433.0
1531,622,85,2,876.82,1753.64
1532,623,39,2,524.21,1048.42
1533,623,13,2,749.22,1498.44
1534,624,43,1,145.52,145.52
1535,624,147,2,826.26,1652.52
1536,624,60,1,1167.66,1167.66
1537,624,123,2,357.47,714.94
1538,625,132,2,1125.2,2250.4
1539,625,142,1,1220.0,1220.0
1540,625,46,1,1497.01,1497.01
1541,626,60,2,1167.66,2335.32
1542,626,16,1,503.78,503.78
1543,626,21,2,646.49,1292.98
1544,627,26,1,584.92,584.92
1545,628,122,1,448.34,448.34
1546,629,119,2,1495.25,2990.5
1547,629,61,1,916.44,916.44
1548,629,88,2,1860.11,3720.22
1549,629,2,2,217.43,434.86
1550,630,133,2,1835.56,3671.12
1551,630,26,1,584.92,584.92
1552,630,70,2,1204.03,2408.06
1553,630,90,1,689.91,689.91
1554,631,4,1,585.58,585.58
1555,631,50,1,417.74,417.74
1556,632,53,2,178.66,357.32
1557,632,112,2,104.51,209.02
1558,632,6,2,888.56,1777.12
1559,633,14,1,729.09,729.09
1560,633,83,1,1092.26,1092.26
1561,634,99,2,1130.87,2261.74
1562,634,74,1,135.3,135.3
1563,635,91,2,438.61,877.22
1564,635,119,1,1495.25,1495.25
1565,635,123,2,357.47,714.94
1566,635,143,1,897.89,897.89
1567,636,87,1,1261.9,1261.9
1568,636,74,2,135.3,270.6
1569,636,17,1,50.81,50.81
1570,636,84,2,97.61,195.22
1571,637,18,2,670.96,1341.92
1572,637,75,2,880.63,1761.26
1573,637,7,2,1589.42,3178.84
1574,638,124,1,583.52,583.52
1575,638,57,1,1448.57,1448.57
1576,638,114,2,1433.0,2866.0
1577,639,57,1,1448.57,1448.57
1578,640,85,2,876.82,1753.64
1579,640,93,1,783.23,783.23
1580,640,96,1,771.82,771.82
1581,640,1,2,978.26,1956.52
1582,641,86,1,674.55,674.55
1583,641,136,1,143.71,143.71
1584,641,44,1,1186.21,1186.21
1585,642,128,2,1908.0,3816.0
1586,642,113,1,933.62,933.62
1587,642,130,2,147.82,295.64
1588,642,92,2,345.96,691.92
1589,643,30,1,445.93,445.93
1590,643,14,2,729.09,1458.18
1591,643,148,2,61.41,122.82
1592,643,111,2,849.44,1698.88
1593,644,78,2,1439.91,2879.82
1594,644,90,1,689.91,689.91
1595,645,13,2,749.22,1498.44
1596,645,111,1,849.44,849.44
1597,645,146,2,854.05,1708.1
1598,645,55,2,120.66,241.32
1599,646,73,1,305.97,305.97
1600,646,5,2,869.3,1738.6
1601,647,87,1,1261.9,1261.9
1602,647,80,1,806.11,806.11
1603,648,31,1,60.91,60.91
1604,648,121,1,655.73,655.73
1605,648,148,1,61.41,61.41
1606,648,35,1,1242.38,1242.38
1607,649,41,2,180.3,360.6
1608,650,84,2,97.61,195.22
1609,650,145,2,400.3,800.6
1610,651,64,2,700.59,1401.18
1611,651,55,1,120.66,120.66
1612,651,89,1,357.62,357.62
1613,652,136,2,143.71,287.42
1614,652,48,1,504.02,504.02
1615,652,29,2,1474.96,2949.92
1616,652,77,1,1273.12,1273.12
1617,653,140,2,482.66,965.32
1618,653,95,2,1497.52,2995.04
1619,654,113,1,933.62,933.62
1620,654,81,2,464.06,928.12
1621,655,47,1,33.79,33.79
1622,655,54,1,129.59,129.59
1623,655,24,1,360.26,360.26
1624,656,84,2,97.61,195.22
1625,656,16,1,503.78,503.78
1626,656,144,2,1208.31,2416.62
1627,657,74,2,135.3,270.6
1628,658,141,1,819.69,819.69
1629,659,112,2,104.51,209.02
1630,659,26,2,584.92,1169.84
1631,660,4,1,585.58,585.58
1632,660,66,2,1089.73,2179.46
1633,660,10,2,688.49,1376.98
1634,661,59,2,892.97,1785.94
1635,662,49,2,115.0,230.0
1636,663,75,1,880.63,880.63
1637,663,72,2,624.08,1248.16
1638,664,143,2,897.89,1795.78
1639,664,41,2,180.3,360.6
1640,664,132,1,1125.2,1125.2
1641,664,58,1,92.49,92.49
1642,665,108,2,351.2,702.4
1643,665,102,2,527.12,1054.24
1644,665,60,1,1167.66,1167.66
1645,665,10,1,688.49,688.49
1646,666,145,2,400.3,800.6
1647,666,81,2,464.06,928.12
1648,667,33,1,1244.88,1244.88
1649,667,103,2,312.44,624.88
1650,667,82,1,704.59,704.59
1651,668,139,1,70.49,70.49
1652,668,128,1,1908.0,1908.0
1653,669,68,2,1909.7,3819.4
1654,670,126,2,417.04,834.08
1655,670,9,2,646.08,1292.16
1656,670,4,1,585.58,585.58
1657,671,129,2,761.85,1523.7
1658,671,48,1,504.02,504.02
1659,671,122,2,448.34,896.68
1660,671,47,1,33.79,33.79
1661,672,39,1,524.21,524.21
1662,672,95,1,1497.52,1497.52
1663,672,53,2,178.66,357.32
1664,673,102,2,527.12,1054.24
1665,673,142,2,1220.0,2440.0
1666,673,62,2,1964.74,3929.48
1667,673,15,2,1025.09,2050.18
1668,674,38,2,1036.49,2072.98
1669,675,47,2,33.79,67.58
1670,675,92,1,345.96,345.96
1671,675,40,1,59.67,59.67
1672,675,123,1,357.47,357.47
1673,676,90,2,689.91,1379.82
1674,676,53,1,178.66,178.66
1675,677,44,2,1186.21,2372.42
1676,678,124,1,583.52,583.52
1677,679,116,1,634.79,634.79
1678,679,51,2,602.93,1205.86
1679,679,131,2,1795.22,3590.44
1680,680,38,2,1036.49,2072.98
1681,681,79,1,416.75,416.75
1682,681,25,2,1994.53,3989.06
1683,681,12,2,945.61,1891.22
1684,681,113,1,933.62,933.62
1685,682,41,2,180.3,360.6
1686,682,124,2,583.52,1167.04
1687,682,121,1,655.73,655.73
1688,683,91,2,438.61,877.22
1689,683,65,1,1923.18,1923.18
1690,684,125,2,1166.94,2333.88
1691,684,72,1,624.08,624.08
1692,684,10,1,688.49,688.49
1693,684,142,2,1220.0,2440.0
1694,685,139,1,70.49,70.49
1695,686,54,1,129.59,129.59
1696,686,104,1,910.09,910.09
1697,687,119,1,1495.25,1495.25
1698,687,109,2,591.49,1182.98
1699,687,17,1,50.81,50.81
1700,687,19,1,230.76,230.76
1701,688,84,1,97.61,97.61
1702,688,141,2,819.69,1639.38
1703,688,104,2,910.09,1820.18
1704,688,129,2,761.85,1523.7
1705,689,123,1,357.47,357.47
1706,690,113,2,933.62,1867.24
1707,690,102,2,527.12,1054.24
1708,691,21,1,646.49,646.49
1709,691,113,1,933.62,933.62
1710,691,58,1,92.49,92.49
1711,692,59,1,892.97,892.97
1712,693,21,2,646.49,1292.98
1713,694,118,2,562.41,1124.82
1714,694,4,1,585.58,585.58
1715,694,121,2,655.73,1311.46
1716,695,94,2,1151.39,2302.78
1717,695,95,2,1497.52,2995.04
1718,695,119,1,1495.25,1495.25
1719,695,127,1,58.8,58.8
1720,696,135,1,682.7,682.7
1721,696,123,2,357.47,714.94
1722,696,109,2,591.49,1182.98
1723,696,125,2,1166.94,2333.88
1724,697,93,2,783.23,1566.46
1725,697,135,1,682.7,682.7
1726,697,27,2,1580.23,3160.46
1727,697,141,1,819.69,819.69
1728,698,137,1,961.39,961.39
1729,698,125,1,1166.94,1166.94
1730,699,140,2,482.66,965.32
1731,699,148,2,61.41,122.82
1732,700,93,1,783.23,783.23
1733,701,31,1,60.91,60.91
1734,701,90,1,689.91,689.91
1735,702,73,1,305.97,305.97
1736,702,39,1,524.21,524.21
1737,703,140,1,482.66,482.66
1738,703,68,2,1909.7,3819.4
1739,704,127,1,58.8,58.8
1740,704,52,1,187.01,187.01
1741,704,46,1,1497.01,1497.01
1742,705,84,2,97.61,195.22
1743,705,137,1,961.39,961.39
1744,705,44,2,1186.21,2372.42
1745,706,58,2,92.49,184.98
1746,706,116,1,634.79,634.79
1747,707,12,1,945.61,945.61
1748,707,109,1,591.49,591.49
1749,707,3,1,1375.53,1375.53
1750,708,90,1,689.91,689.91
1751,708,38,2,1036.49,2072.98
1752,709,55,2,120.66,241.32
1753,709,36,1,487.48,487.48
1754,709,54,2,129.59,259.18
1755,709,73,1,305.97,305.97
1756,710,101,2,1579.35,3158.7
1757,710,75,1,880.63,880.63
1758,710,130,1,147.82,147.82
1759,711,118,1,562.41,562.41
1760,712,62,2,1964.74,3929.48
1761,713,20,1,558.12,558.12
1762,714,73,2,305.97,611.94
1763,714,75,1,880.63,880.63
1764,714,22,1,1063.08,1063.08
1765,714,31,2,60.91,121.82
1766,715,9,2,646.08,1292.16
1767,715,133,1,1835.56,1835.56
1768,716,60,1,1167.66,1167.66
1769,716,93,2,783.23,1566.46
1770,716,128,2,1908.0,3816.0
1771,716,4,1,585.58,585.58
1772,717,14,1,729.09,729.09
1773,717,1,1,978.26,978.26
1774,718,74,1,135.3,135.3
1775,718,97,2,739.57,1479.14
1776,718,47,1,33.79,33.79
1777,718,75,1,880.63,880.63
1778,719,145,1,400.3,400.3
1779,719,32,2,210.36,420.72
1780,719,8,2,200.01,400.02
1781,719,66,2,1089.73,2179.46
1782,720,25,2,1994.53,3989.06
1783,721,70,2,1204.03,2408.06
1784,722,119,2,1495.25,2990.5
1785,722,77,2,1273.12,2546.24
1786,722,26,2,584.92,1169.84
1787,722,14,1,729.09,729.09
1788,723,115,2,221.49,442.98
1789,723,111,2,849.44,1698.88
1790,723,148,2,61.41,122.82
1791,724,109,2,591.49,1182.98
1792,724,131,2,1795.22,3590.44
1793,724,142,2,1220.0,2440.0
1794,724,34,1,339.75,339.75
1795,725,114,1,1433.0,1433.0
1796,725,127,1,58.8,58.8
1797,725,74,2,135.3,270.6
1798,725,121,1,655.73,655.73
1799,726,6,1,888.56,888.56
1800,726,68,2,1909.7,3819.4
1801,726,117,2,1968.91,3937.82
1802,727,142,2,1220.0,2440.0
1803,727,45,1,88.7,88.7
1804,727,112,2,104.51,209.02
1805,728,6,1,888.56,888.56
1806,729,140,1,482.66,482.66
1807,729,39,2,524.21,1048.42
1808,729,46,2,1497.01,2994.02
1809,729,52,2,187.01,374.02
1810,730,95,2,1497.52,2995.04
1811,730,68,1,1909.7,1909.7
1812,730,42,2,165.34,330.68
1813,730,80,2,806.11,1612.22
1814,731,114,1,1433.0,1433.0
1815,731,48,2,504.02,1008.04
1816,731,30,1,445.93,445.93
1817,732,74,2,135.3,270.6
1818,732,134,2,1075.17,2150.34
1819,732,108,2,351.2,702.4
1820,733,108,2,351.2,702.4
1821,734,13,1,749.22,749.22
1822,734,126,2,417.04,834.08
1823,734,22,2,1063.08,2126.16
1824,734,57,2,1448.57,2897.14
1825,735,123,1,357.47,357.47
1826,736,117,2,1968.91,3937.82
1827,736,5,1,869.3,869.3
1828,737,61,1,916.44,916.44
1829,737,148,2,61.41,122.82
1830,737,128,1,1908.0,1908.0
1831,737,84,1,97.61,97.61
1832,738,149,1,701.61,701.61
1833,738,127,1,58.8,58.8
1834,739,4,1,585.58,585.58
1835,739,119,1,1495.25,1495.25
1836,739,54,2,129.59,259.18
1837,740,48,2,504.02,1008.04
1838,740,81,2,464.06,928.12
1839,740,62,2,1964.74,3929.48
1840,740,6,2,888.56,1777.12
1841,741,46,1,1497.01,1497.01
1842,741,45,1,88.7,88.7
1843,742,14,2,729.09,1458.18
1844,742,80,2,806.11,1612.22
1845,742,52,2,187.01,374.02
1846,742,75,2,880.63,1761.26
1847,743,34,1,339.75,339.75
1848,743,11,1,800.53,800.53
1849,743,32,1,210.36,210.36
1850,744,72,2,624.08,1248.16
1851,744,76,1,578.17,578.17
1852,745,61,2,916.44,1832.88
1853,745,69,2,490.04,980.08
1854,745,106,2,1894.86,3789.72
1855,746,57,2,1448.57,2897.14
1856,746,112,2,104.51,209.02
1857,746,22,1,1063.08,1063.08
1858,746,138,1,69.16,69.16
1859,747,74,1,135.3,135.3
1860,748,61,1,916.44,916.44
1861,748,136,2,143.71,287.42
1862,748,14,1,729.09,729.09
1863,748,123,2,357.47,714.94
1864,749,142,2,1220.0,2440.0
1865,749,82,2,704.59,1409.18
1866,749,109,1,591.49,591.49
1867,749,129,1,761.85,761.85
1868,750,34,1,339.75,339.75
1869,750,95,1,1497.52,1497.52
1870,751,10,2,688.49,1376.98
1871,752,59,2,892.97,1785.94
1872,752,150,2,719.92,1439.84
1873,752,56,1,336.46,336.46
1874,753,50,1,417.74,417.74
1875,753,95,2,1497.52,2995.04
1876,754,105,2,718.91,1437.82
1877,754,116,2,634.79,1269.58
1878,755,122,2,448.34,896.68
1879,756,109,1,591.49,591.49
1880,756,47,1,33.79,33.79
1881,756,16,1,503.78,503.78
1882,756,67,2,891.91,1783.82
1883,757,38,1,1036.49,1036.49
1884,757,7,2,1589.42,3178.84
1885,757,136,2,143.71,287.42
1886,757,111,1,849.44,849.44
1887,758,77,1,1273.12,1273.12
1888,758,117,2,1968.91,3937.82
1889,758,12,1,945.61,945.61
1890,759,139,2,70.49,140.98
1891,759,89,1,357.62,357.62
1892,759,10,2,688.49,1376.98
1893,760,52,1,187.01,187.01
1894,760,38,1,1036.49,1036.49
1895,760,58,1,92.49,92.49
1896,761,17,1,50.81,50.81
1897,761,27,2,1580.23,3160.46
1898,761,117,2,1968.91,3937.82
1899,762,147,1,826.26,826.26
1900,762,3,1,1375.53,1375.53
1901,762,30,1,445.93,445.93
1902,763,93,2,783.23,1566.46
1903,764,65,1,1923.18,1923.18
1904,764,89,2,357.62,715.24
1905,765,150,2,719.92,1439.84
1906,765,36,1,487.48,487.48
1907,765,32,2,210.36,420.72
1908,765,104,2,910.09,1820.18
1909,766,46,2,1497.01,2994.02
1910,767,63,1,140.69,140.69
1911,768,75,2,880.63,1761.26
1912,768,141,1,819.69,819.69
1913,769,2,1,217.43,217.43
1914,769,22,2,1063.08,2126.16
1915,770,68,1,1909.7,1909.7
1916,771,5,2,869.3,1738.6
1917,771,43,2,145.52,291.04
1918,771,20,2,558.12,1116.24
1919,772,137,1,961.39,961.39
1920,772,136,2,143.71,287.42
1921,772,43,2,145.52,291.04
1922,772,62,1,1964.74,1964.74
1923,773,115,2,221.49,442.98
1924,773,137,2,961.39,1922.78
1925,774,10,1,688.49,688.49
1926,774,117,1,1968.91,1968.91
1927,774,147,2,826.26,1652.52
1928,775,9,2,646.08,1292.16
1929,775,101,1,1579.35,1579.35
1930,775,23,1,1506.15,1506.15
1931,775,79,1,416.75,416.75
1932,776,39,2,524.21,1048.42
1933,776,12,2,945.61,1891.22
1934,776,102,2,527.12,1054.24
1935,776,7,2,1589.42,3178.84
1936,777,112,1,104.51,104.51
1937,777,54,1,129.59,129.59
1938,777,27,1,1580.23,1580.23
1939,778,148,2,61.41,122.82
1940,778,116,2,634.79,1269.58
1941,778,133,1,1835.56,1835.56
1942,779,56,1,336.46,336.46
1943,779,65,2,1923.18,3846.36
1944,779,143,2,897.89,1795.78
1945,780,36,2,487.48,974.96
1946,780,145,1,400.3,400.3
1947,781,59,1,892.97,892.97
1948,781,71,2,304.79,609.58
1949,782,149,1,701.61,701.61
1950,783,31,1,60.91,60.91
1951,783,41,2,180.3,360.6
1952,783,56,1,336.46,336.46
1953,783,35,1,1242.38,1242.38
1954,784,14,2,729.09,1458.18
1955,784,20,2,558.12,1116.24
1956,784,55,2,120.66,241.32
1957,784,22,2,1063.08,2126.16
1958,785,11,2,800.53,1601.06
1959,785,8,2,200.01,400.02
1960,786,127,1,58.8,58.8
1961,787,116,2,634.79,1269.58
1962,787,87,1,1261.9,1261.9
1963,787,75,2,880.63,1761.26
1964,788,45,2,88.7,177.4
1965,788,113,2,933.62,1867.24
1966,789,22,2,1063.08,2126.16
1967,789,81,1,464.06,464.06
1968,789,6,1,888.56,888.56
1969,790,118,2,562.41,1124.82
1970,791,101,2,1579.35,3158.7
1971,792,10,2,688.49,1376.98
1972,792,36,1,487.48,487.48
1973,792,127,2,58.8,117.6
1974,792,107,2,801.4,1602.8
1975,793,24,2,360.26,720.52
1976,794,86,2,674.55,1349.1
1977,794,80,2,806.11,1612.22
1978,794,46,2,1497.01,2994.02
1979,795,104,1,910.09,910.09
1980,796,144,1,1208.31,1208.31
1981,797,35,2,1242.38,2484.76
1982,798,149,1,701.61,701.61
1983,798,109,2,591.49,1182.98
1984,798,121,1,655.73,655.73
1985,799,67,2,891.91,1783.82
1986,799,21,1,646.49,646.49
1987,800,80,2,806.11,1612.22
1988,800,134,1,1075.17,1075.17
1989,800,23,2,1506.15,3012.3
1990,800,122,1,448.34,448.34
1991,801,4,1,585.58,585.58
1992,801,51,2,602.93,1205.86
1993,801,141,1,819.69,819.69
1994,802,59,2,892.97,1785.94
1995,802,56,1,336.46,336.46
1996,802,51,1,602.93,602.93
1997,803,105,1,718.91,718.91
1998,803,98,1,897.7,897.7
1999,804,126,2,417.04,834.08
2000,804,65,1,1923.18,1923.18
2001,804,99,1,1130.87,1130.87
2002,805,74,2,135.3,270.6
2003,805,148,1,61.41,61.41
2004,805,71,1,304.79,304.79
2005,805,86,1,674.55,674.55
2006,806,80,2,806.11,1612.22
2007,806,124,2,583.52,1167.04
2008,806,136,2,143.71,287.42
2009,806,86,2,674.55,1349.1
2010,807,134,1,1075.17,1075.17
2011,807,146,2,854.05,1708.1
2012,807,39,2,524.21,1048.42
2013,808,117,1,1968.91,1968.91
2014,808,82,1,704.59,704.59
2015,809,114,1,1433.0,1433.0
2016,810,28,2,619.64,1239.28
2017,811,21,1,646.49,646.49
2018,811,69,1,490.04,490.04
2019,812,136,2,143.71,287.42
2020,812,11,2,800.53,1601.06
2021,812,72,2,624.08,1248.16
2022,812,55,1,120.66,120.66
2023,813,58,2,92.49,184.98
2024,813,86,1,674.55,674.55
2025,813,107,2,801.4,1602.8
2026,814,112,2,104.51,209.02
2027,814,131,2,1795.22,3590.44
2028,815,43,2,145.52,291.04
2029,816,141,1,819.69,819.69
2030,816,140,1,482.66,482.66
2031,816,137,1,961.39,961.39
2032,816,108,2,351.2,702.4
2033,817,111,1,849.44,849.44
2034,817,104,2,910.09,1820.18
2035,818,69,1,490.04,490.04
2036,818,19,2,230.76,461.52
2037,818,81,1,464.06,464.06
2038,819,4,1,585.58,585.58
2039,820,40,1,59.67,59.67
2040,821,145,2,400.3,800.6
2041,821,119,2,1495.25,2990.5
2042,822,83,1,1092.26,1092.26
2043,822,127,2,58.8,117.6
2044,822,109,1,591.49,591.49
2045,823,56,1,336.46,336.46
2046,824,95,2,1497.52,2995.04
2047,824,66,2,1089.73,2179.46
2048,825,36,2,487.48,974.96
2049,825,100,1,725.55,725.55
2050,825,90,2,689.91,1379.82
2051,825,75,1,880.63,880.63
2052,826,120,2,46.6,93.2
2053,826,122,2,448.34,896.68
2054,827,31,2,60.91,121.82
2055,828,87,1,1261.9,1261.9
2056,828,3,1,1375.53,1375.53
2057,829,64,1,700.59,700.59
2058,829,150,2,719.92,1439.84
2059,829,107,1,801.4,801.4
2060,829,138,1,69.16,69.16
2061,830,126,2,417.04,834.08
2062,830,40,1,59.67,59.67
2063,830,111,1,849.44,849.44
2064,830,142,2,1220.0,2440.0
2065,831,29,1,1474.96,1474.96
2066,831,104,2,910.09,1820.18
2067,831,30,1,445.93,445.93
2068,832,22,2,1063.08,2126.16
2069,832,79,1,416.75,416.75
2070,832,81,1,464.06,464.06
2071,833,67,1,891.91,891.91
2072,833,127,1,58.8,58.8
2073,833,34,2,339.75,679.5
2074,833,121,1,655.73,655.73
2075,834,124,1,583.52,583.52
2076,835,12,2,945.61,1891.22
2077,835,17,2,50.81,101.62
2078,835,81,2,464.06,928.12
2079,835,129,2,761.85,1523.7
2080,836,127,1,58.8,58.8
2081,836,89,2,357.62,715.24
2082,836,1,2,978.26,1956.52
2083,836,130,1,147.82,147.82
2084,837,131,2,1795.22,3590.44
2085,837,72,2,624.08,1248.16
2086,837,82,1,704.59,704.59
2087,837,38,1,1036.49,1036.49
2088,838,5,2,869.3,1738.6
2089,838,75,2,880.63,1761.26
2090,838,110,1,1397.94,1397.94
2091,839,62,1,1964.74,1964.74
2092,839,73,1,305.97,305.97
2093,839,20,1,558.12,558.12
2094,839,133,1,1835.56,1835.56
2095,840,33,2,1244.88,2489.76
2096,841,85,2,876.82,1753.64
2097,841,95,2,1497.52,2995.04
2098,841,109,1,591.49,591.49
2099,842,3,1,1375.53,1375.53
2100,842,96,2,771.82,1543.64
2101,842,31,2,60.91,121.82
2102,842,89,2,357.62,715.24
2103,843,41,2,180.3,360.6
2104,844,111,2,849.44,1698.88
2105,844,126,1,417.04,417.04
2106,845,89,1,357.62,357.62
2107,845,40,1,59.67,59.67
2108,845,87,1,1261.9,1261.9
2109,846,3,1,1375.53,1375.53
2110,847,72,1,624.08,624.08
2111,848,109,2,591.49,1182.98
2112,849,102,1,527.12,527.12
2113,849,108,2,351.2,702.4
2114,849,33,2,1244.88,2489.76
2115,850,40,2,59.67,119.34
2116,851,45,2,88.7,177.4
2117,851,78,1,1439.91,1439.91
2118,851,38,1,1036.49,1036.49
2119,852,46,1,1497.01,1497.01
2120,852,58,1,92.49,92.49
2121,853,38,1,1036.49,1036.49
2122,853,143,2,897.89,1795.78
2123,853,107,2,801.4,1602.8
2124,853,146,1,854.05,854.05
2125,854,36,2,487.48,974.96
2126,854,145,2,400.3,800.6
2127,855,127,2,58.8,117.6
2128,855,13,2,749.22,1498.44
2129,855,11,2,800.53,1601.06
2130,856,140,1,482.66,482.66
2131,856,37,2,97.71,195.42
2132,857,138,2,69.16,138.32
2133,858,148,1,61.41,61.41
2134,859,99,1,1130.87,1130.87
2135,860,30,2,445.93,891.86
2136,860,139,2,70.49,140.98
2137,860,120,2,46.6,93.2
2138,861,97,2,739.57,1479.14
2139,861,67,2,891.91,1783.82
2140,861,146,1,854.05,854.05
2141,861,137,1,961.39,961.39
2142,862,120,2,46.6,93.2
2143,863,40,1,59.67,59.67
2144,864,17,1,50.81,50.81
2145,864,38,2,1036.49,2072.98
2146,864,86,2,674.55,1349.1
2147,864,97,1,739.57,739.57
2148,865,70,2,1204.03,2408.06
2149,865,21,2,646.49,1292.98
2150,866,88,1,1860.11,1860.11
2151,866,26,2,584.92,1169.84
2152,866,142,2,1220.0,2440.0
2153,867,102,1,527.12,527.12
2154,867,87,1,1261.9,1261.9
2155,868,37,1,97.71,97.71
2156,868,39,2,524.21,1048.42
2157,868,135,1,682.7,682.7
2158,869,75,1,880.63,880.63
2159,869,142,1,1220.0,1220.0
2160,870,19,1,230.76,230.76
2161,870,89,1,357.62,357.62
2162,870,39,1,524.21,524.21
2163,870,94,1,1151.39,1151.39
2164,871,42,1,165.34,165.34
2165,872,43,2,145.52,291.04
2166,873,74,1,135.3,135.3
2167,873,73,1,305.97,305.97
2168,873,58,1,92.49,92.49
2169,873,10,2,688.49,1376.98
2170,874,5,1,869.3,869.3
2171,874,45,1,88.7,88.7
2172,875,6,1,888.56,888.56
2173,876,142,1,1220.0,1220.0
2174,876,1,2,978.26,1956.52
2175,877,100,2,725.55,1451.1
2176,877,52,1,187.01,187.01
2177,877,5,2,869.3,1738.6
2178,877,10,1,688.49,688.49
2179,878,69,1,490.04,490.04
2180,878,130,1,147.82,147.82
2181,878,91,2,438.61,877.22
2182,878,127,1,58.8,58.8
2183,879,75,2,880.63,1761.26
2184,879,33,2,1244.88,2489.76
2185,879,36,1,487.48,487.48
2186,879,1,2,978.26,1956.52
2187,880,53,2,178.66,357.32
2188,880,100,1,725.55,725.55
2189,880,34,2,339.75,679.5
2190,881,100,2,725.55,1451.1
2191,881,18,2,670.96,1341.92
2192,881,133,1,1835.56,1835.56
2193,882,85,2,876.82,1753.64
2194,882,49,1,115.0,115.0
2195,882,12,2,945.61,1891.22
2196,882,60,2,1167.66,2335.32
2197,883,11,1,800.53,800.53
2198,883,68,2,1909.7,3819.4
2199,884,54,2,129.59,259.18
2200,884,16,1,503.78,503.78
2201,884,123,2,357.47,714.94
2202,885,30,1,445.93,445.93
2203,885,57,1,1448.57,1448.57
2204,886,100,2,725.55,1451.1
2205,886,75,1,880.63,880.63
2206,886,91,1,438.61,438.61
2207,887,132,1,1125.2,1125.2
2208,887,148,1,61.41,61.41
2209,887,15,1,1025.09,1025.09
2210,887,28,2,619.64,1239.28
2211,888,131,1,1795.22,1795.22
2212,888,63,1,140.69,140.69
2213,889,16,2,503.78,1007.56
2214,890,45,1,88.7,88.7
2215,890,62,2,1964.74,3929.48
2216,890,89,2,357.62,715.24
2217,891,108,2,351.2,702.4
2218,891,125,1,1166.94,1166.94
2219,891,28,2,619.64,1239.28
2220,891,148,1,61.41,61.41
2221,892,104,2,910.09,1820.18
2222,892,8,2,200.01,400.02
2223,892,109,2,591.49,1182.98
2224,893,132,1,1125.2,1125.2
2225,893,110,1,1397.94,1397.94
2226,894,86,2,674.55,1349.1
2227,894,16,2,503.78,1007.56
2228,894,42,1,165.34,165.34
2229,894,108,1,351.2,351.2
2230,895,14,2,729.09,1458.18
2231,895,70,1,1204.03,1204.03
2232,896,102,2,527.12,1054.24
2233,896,42,1,165.34,165.34
2234,896,125,1,1166.94,1166.94
2235,897,140,1,482.66,482.66
2236,897,34,1,339.75,339.75
2237,897,1,1,978.26,978.26
2238,897,37,2,97.71,195.42
2239,898,90,2,689.91,1379.82
2240,899,41,2,180.3,360.6
2241,900,24,1,360.26,360.26
2242,901,52,2,187.01,374.02
2243,901,94,1,1151.39,1151.39
2244,901,38,1,1036.49,1036.49
2245,901,42,2,165.34,330.68
2246,902,126,1,417.04,417.04
2247,903,55,1,120.66,120.66
2248,903,133,2,1835.56,3671.12
2249,904,48,1,504.02,504.02
2250,904,64,2,700.59,1401.18
2251,905,33,2,1244.88,2489.76
2252,905,81,2,464.06,928.12
2253,905,109,1,591.49,591.49
2254,905,90,2,689.91,1379.82
2255,906,90,2,689.91,1379.82
2256,907,49,1,115.0,115.0
2257,907,44,2,1186.21,2372.42
2258,907,51,2,602.93,1205.86
2259,907,70,2,1204.03,2408.06
2260,908,92,2,345.96,691.92
2261,908,141,2,819.69,1639.38
2262,908,105,1,718.91,718.91
2263,908,102,1,527.12,527.12
2264,909,66,1,1089.73,1089.73
2265,909,33,1,1244.88,1244.88
2266,909,37,2,97.71,195.42
2267,909,14,2,729.09,1458.18
2268,910,132,2,1125.2,2250.4
2269,910,104,2,910.09,1820.18
2270,910,127,2,58.8,117.6
2271,911,57,1,1448.57,1448.57
2272,912,121,2,655.73,1311.46
2273,913,134,2,1075.17,2150.34
2274,914,147,2,826.26,1652.52
2275,914,52,2,187.01,374.02
2276,914,77,2,1273.12,2546.24
2277,915,68,1,1909.7,1909.7
2278,915,77,1,1273.12,1273.12
2279,915,37,1,97.71,97.71
2280,915,76,2,578.17,1156.34
2281,916,144,1,1208.31,1208.31
2282,916,95,1,1497.52,1497.52
2283,917,1,2,978.26,1956.52
2284,917,53,2,178.66,357.32
2285,918,16,2,503.78,1007.56
2286,918,111,2,849.44,1698.88
2287,918,63,1,140.69,140.69
2288,918,124,1,583.52,583.52
2289,919,139,1,70.49,70.49
2290,919,33,2,1244.88,2489.76
2291,919,100,2,725.55,1451.1
2292,919,51,1,602.93,602.93
2293,920,89,1,357.62,357.62
2294,920,129,1,761.85,761.85
2295,921,10,1,688.49,688.49
2296,921,146,1,854.05,854.05
2297,922,99,2,1130.87,2261.74
2298,922,129,2,761.85,1523.7
2299,922,145,2,400.3,800.6
2300,922,90,2,689.91,1379.82
2301,923,81,1,464.06,464.06
2302,924,81,2,464.06,928.12
2303,924,50,1,417.74,417.74
2304,924,33,2,1244.88,2489.76
2305,925,44,2,1186.21,2372.42
2306,925,108,2,351.2,702.4
2307,925,76,1,578.17,578.17
2308,925,142,2,1220.0,2440.0
2309,926,20,2,558.12,1116.24
2310,926,30,2,445.93,891.86
2311,927,45,1,88.7,88.7
2312,927,49,1,115.0,115.0
2313,927,7,2,1589.42,3178.84
2314,927,6,1,888.56,888.56
2315,928,105,2,718.91,1437.82
2316,929,38,1,1036.49,1036.49
2317,929,24,2,360.26,720.52
2318,930,50,2,417.74,835.48
2319,930,29,2,1474.96,2949.92
2320,930,128,2,1908.0,3816.0
2321,931,109,1,591.49,591.49
2322,931,102,1,527.12,527.12
2323,931,85,1,876.82,876.82
2324,931,30,2,445.93,891.86
2325,932,29,1,1474.96,1474.96
2326,932,140,1,482.66,482.66
2327,933,26,2,584.92,1169.84
2328,934,101,2,1579.35,3158.7
2329,934,26,1,584.92,584.92
2330,934,89,1,357.62,357.62
2331,934,29,2,1474.96,2949.92
2332,935,147,2,826.26,1652.52
2333,936,39,2,524.21,1048.42
2334,937,49,2,115.0,230.0
2335,937,5,2,869.3,1738.6
2336,937,107,2,801.4,1602.8
2337,937,30,2,445.93,891.86
2338,938,24,1,360.26,360.26
2339,939,37,1,97.71,97.71
2340,940,110,2,1397.94,2795.88
2341,941,47,2,33.79,67.58
2342,941,2,1,217.43,217.43
2343,942,94,1,1151.39,1151.39
2344,942,144,1,1208.31,1208.31
2345,943,95,2,1497.52,2995.04
2346,944,83,1,1092.26,1092.26
2347,944,20,2,558.12,1116.24
2348,944,84,1,97.61,97.61
2349,945,32,2,210.36,420.72
2350,945,110,1,1397.94,1397.94
2351,945,78,1,1439.91,1439.91
2352,945,49,2,115.0,230.0
2353,946,111,1,849.44,849.44
2354,946,47,1,33.79,33.79
2355,946,9,2,646.08,1292.16
2356,946,37,2,97.71,195.42
2357,947,147,1,826.26,826.26
2358,948,55,2,120.66,241.32
2359,949,102,2,527.12,1054.24
2360,949,98,2,897.7,1795.4
2361,949,39,1,524.21,524.21
2362,950,52,2,187.01,374.02
2363,951,77,1,1273.12,1273.12
2364,952,112,1,104.51,104.51
2365,953,132,2,1125.2,2250.4
2366,954,143,2,897.89,1795.78
2367,954,133,1,1835.56,1835.56
2368,954,20,1,558.12,558.12
2369,954,66,1,1089.73,1089.73
2370,955,18,2,670.96,1341.92
2371,956,131,2,1795.22,3590.44
2372,957,50,1,417.74,417.74
2373,958,34,2,339.75,679.5
2374,958,113,1,933.62,933.62
2375,958,32,1,210.36,210.36
2376,959,94,2,1151.39,2302.78
2377,959,128,2,1908.0,3816.0
2378,959,145,1,400.3,400.3
2379,960,112,2,104.51,209.02
2380,960,27,1,1580.23,1580.23
2381,960,104,2,910.09,1820.18
2382,961,97,1,739.57,739.57
2383,961,78,1,1439.91,1439.91
2384,962,63,2,140.69,281.38
2385,962,20,1,558.12,558.12
2386,962,144,1,1208.31,1208.31
2387,963,105,2,718.91,1437.82
2388,963,45,1,88.7,88.7
2389,963,134,2,1075.17,2150.34
2390,964,130,2,147.82,295.64
2391,964,3,2,1375.53,2751.06
2392,964,47,1,33.79,33.79
2393,964,52,1,187.01,187.01
2394,965,29,1,1474.96,1474.96
2395,966,27,2,1580.23,3160.46
2396,966,55,2,120.66,241.32
2397,966,32,1,210.36,210.36
2398,966,76,2,578.17,1156.34
2399,967,95,1,1497.52,1497.52
2400,967,123,1,357.47,357.47
2401,967,51,2,602.93,1205.86
2402,968,61,2,916.44,1832.88
2403,968,59,2,892.97,1785.94
2404,969,59,1,892.97,892.97
2405,969,8,2,200.01,400.02
2406,969,119,2,1495.25,2990.5
2407,969,106,2,1894.86,3789.72
2408,970,84,1,97.61,97.61
2409,970,65,1,1923.18,1923.18
2410,970,137,2,961.39,1922.78
2411,971,90,1,689.91,689.91
2412,971,108,2,351.2,702.4
2413,971,77,1,1273.12,1273.12
2414,972,85,1,876.82,876.82
2415,972,94,1,1151.39,1151.39
2416,973,7,2,1589.42,3178.84
2417,973,9,2,646.08,1292.16
2418,974,127,1,58.8,58.8
2419,974,142,1,1220.0,1220.0
2420,975,136,1,143.71,143.71
2421,976,25,1,1994.53,1994.53
2422,977,118,1,562.41,562.41
2423,977,138,2,69.16,138.32
2424,977,106,1,1894.86,1894.86
2425,977,50,1,417.74,417.74
2426,978,75,1,880.63,880.63
2427,979,111,2,849.44,1698.88
2428,979,81,2,464.06,928.12
2429,979,27,1,1580.23,1580.23
2430,979,150,2,719.92,1439.84
2431,980,101,1,1579.35,1579.35
2432,980,33,1,1244.88,1244.88
2433,980,103,2,312.44,624.88
2434,980,105,1,718.91,718.91
2435,981,13,1,749.22,749.22
2436,982,47,2,33.79,67.58
2437,982,5,2,869.3,1738.6
2438,982,31,1,60.91,60.91
2439,983,98,2,897.7,1795.4
2440,983,114,1,1433.0,1433.0
2441,983,60,1,1167.66,1167.66
2442,983,96,1,771.82,771.82
2443,984,65,1,1923.18,1923.18
2444,984,24,1,360.26,360.26
2445,985,77,2,1273.12,2546.24
2446,985,118,2,562.41,1124.82
2447,985,45,2,88.7,177.4
2448,985,113,2,933.62,1867.24
2449,986,52,1,187.01,187.01
2450,986,46,2,1497.01,2994.02
2451,986,26,1,584.92,584.92
2452,987,55,2,120.66,241.32
2453,987,145,1,400.3,400.3
2454,987,108,1,351.2,351.2
2455,987,103,2,312.44,624.88
2456,988,34,1,339.75,339.75
2457,988,47,1,33.79,33.79
2458,989,118,1,562.41,562.41
2459,989,20,1,558.12,558.12
2460,989,131,2,1795.22,3590.44
2461,989,42,1,165.34,165.34
2462,990,72,2,624.08,1248.16
2463,990,136,1,143.71,143.71
2464,990,80,1,806.11,806.11
2465,991,42,1,165.34,165.34
2466,991,32,1,210.36,210.36
2467,991,6,2,888.56,1777.12
2468,991,122,1,448.34,448.34
2469,992,77,1,1273.12,1273.12
2470,992,148,1,61.41,61.41
2471,993,26,1,584.92,584.92
2472,994,98,2,897.7,1795.4
2473,994,35,1,1242.38,1242.38
2474,994,142,2,1220.0,2440.0
2475,995,6,2,888.56,1777.12
2476,995,51,2,602.93,1205.86
2477,995,44,1,1186.21,1186.21
2478,996,121,1,655.73,655.73
2479,997,35,1,1242.38,1242.38
2480,997,98,1,897.7,897.7
2481,997,74,1,135.3,135.3
2482,997,65,2,1923.18,3846.36
2483,998,92,1,345.96,345.96
2484,999,49,1,115.0,115.0
2485,999,142,1,1220.0,1220.0
2486,999,125,2,1166.94,2333.88
2487,999,3,2,1375.53,2751.06
2488,1000,105,2,718.91,1437.82
2489,1000,101,1,1579.35,1579.35
2490,1000,9,2,646.08,1292.16
2491,1001,129,2,761.85,1523.7
2492,1001,46,1,1497.01,1497.01
2493,1001,22,2,1063.08,2126.16
2494,1002,79,2,416.75,833.5
2495,1002,74,1,135.3,135.3
2496,1002,16,1,503.78,503.78
2497,1002,112,1,104.51,104.51
2498,1003,59,2,892.97,1785.94
2499,1004,107,1,801.4,801.4
2500,1004,98,2,897.7,1795.4
2501,1004,106,1,1894.86,1894.86
2502,1005,119,2,1495.25,2990.5
2503,1005,127,1,58.8,58.8
2504,1005,4,2,585.58,1171.16
2505,1005,30,1,445.93,445.93
2506,1006,138,1,69.16,69.16
2507,1006,61,2,916.44,1832.88
2508,1007,82,1,704.59,704.59
2509,1007,11,1,800.53,800.53
2510,1007,81,1,464.06,464.06
2511,1007,135,2,682.7,1365.4
2512,1008,128,1,1908.0,1908.0
2513,1008,8,1,200.01,200.01
2514,1008,38,2,1036.49,2072.98
2515,1008,28,2,619.64,1239.28
2516,1009,38,2,1036.49,2072.98
2517,1010,121,1,655.73,655.73
2518,1010,15,1,1025.09,1025.09
2519,1010,129,2,761.85,1523.7
2520,1011,18,1,670.96,670.96
2521,1011,21,2,646.49,1292.98
2522,1011,91,2,438.61,877.22
2523,1012,118,1,562.41,562.41
2524,1013,119,2,1495.25,2990.5
2525,1014,90,1,689.91,689.91
2526,1014,48,2,504.02,1008.04
2527,1014,138,2,69.16,138.32
2528,1015,96,2,771.82,1543.64
2529,1015,123,1,357.47,357.47
2530,1015,32,2,210.36,420.72
2531,1015,113,1,933.62,933.62
2532,1016,55,2,120.66,241.32
2533,1016,113,2,933.62,1867.24
2534,1016,14,1,729.09,729.09
2535,1016,122,1,448.34,448.34
2536,1017,123,2,357.47,714.94
2537,1018,102,1,527.12,527.12
2538,1018,31,1,60.91,60.91
2539,1019,69,1,490.04,490.04
2540,1019,24,2,360.26,720.52
2541,1020,131,2,1795.22,3590.44
2542,1020,2,2,217.43,434.86
2543,1021,44,2,1186.21,2372.42
2544,1021,88,1,1860.11,1860.11
2545,1021,131,2,1795.22,3590.44
2546,1022,41,1,180.3,180.3
2547,1022,68,1,1909.7,1909.7
2548,1022,59,2,892.97,1785.94
2549,1023,2,1,217.43,217.43
2550,1023,97,1,739.57,739.57
2551,1023,114,2,1433.0,2866.0
2552,1023,93,2,783.23,1566.46
2553,1024,150,2,719.92,1439.84
2554,1024,17,2,50.81,101.62
2555,1025,89,2,357.62,715.24
2556,1025,139,1,70.49,70.49
2557,1025,65,1,1923.18,1923.18
2558,1025,56,1,336.46,336.46
2559,1026,99,1,1130.87,1130.87
2560,1027,149,1,701.61,701.61
2561,1028,80,2,806.11,1612.22
2562,1028,81,2,464.06,928.12
2563,1029,75,2,880.63,1761.26
2564,1029,81,1,464.06,464.06
2565,1029,24,2,360.26,720.52
2566,1030,82,1,704.59,704.59
2567,1030,25,2,1994.53,3989.06
2568,1031,27,2,1580.23,3160.46
2569,1031,6,2,888.56,1777.12
2570,1031,73,1,305.97,305.97
2571,1032,29,1,1474.96,1474.96
2572,1032,1,1,978.26,978.26
2573,1032,108,1,351.2,351.2
2574,1032,48,2,504.02,1008.04
2575,1033,28,2,619.64,1239.28
2576,1033,117,1,1968.91,1968.91
2577,1034,92,2,345.96,691.92
2578,1034,50,2,417.74,835.48
2579,1034,5,2,869.3,1738.6
2580,1034,67,1,891.91,891.91
2581,1035,65,1,1923.18,1923.18
2582,1035,136,1,143.71,143.71
2583,1035,29,2,1474.96,2949.92
2584,1036,101,2,1579.35,3158.7
2585,1037,86,1,674.55,674.55
2586,1037,36,2,487.48,974.96
2587,1037,57,2,1448.57,2897.14
2588,1038,150,2,719.92,1439.84
2589,1038,51,2,602.93,1205.86
2590,1038,11,1,800.53,800.53
2591,1038,102,1,527.12,527.12
2592,1039,78,1,1439.91,1439.91
2593,1039,55,2,120.66,241.32
2594,1040,26,2,584.92,1169.84
2595,1041,78,2,1439.91,2879.82
2596,1041,47,2,33.79,67.58
2597,1042,31,1,60.91,60.91
2598,1042,138,1,69.16,69.16
2599,1042,1,1,978.26,978.26
2600,1043,60,1,1167.66,1167.66
2601,1044,127,1,58.8,58.8
2602,1044,35,1,1242.38,1242.38
2603,1044,24,2,360.26,720.52
2604,1044,63,2,140.69,281.38
2605,1045,12,1,945.61,945.61
2606,1045,112,2,104.51,209.02
2607,1046,124,1,583.52,583.52
2608,1046,21,2,646.49,1292.98
2609,1047,78,2,1439.91,2879.82
2610,1047,94,2,1151.39,2302.78
2611,1047,58,1,92.49,92.49
2612,1048,12,2,945.61,1891.22
2613,1048,33,1,1244.88,1244.88
2614,1048,92,2,345.96,691.92
2615,1049,6,2,888.56,1777.12
2616,1049,69,2,490.04,980.08
2617,1049,55,1,120.66,120.66
2618,1049,149,2,701.61,1403.22
2619,1050,126,2,417.04,834.08
2620,1050,59,2,892.97,1785.94
2621,1051,12,1,945.61,945.61
2622,1051,99,2,1130.87,2261.74
2623,1052,145,2,400.3,800.6
2624,1052,101,1,1579.35,1579.35
2625,1052,39,1,524.21,524.21
2626,1052,102,2,527.12,1054.24
2627,1053,96,2,771.82,1543.64
2628,1053,136,2,143.71,287.42
2629,1054,140,1,482.66,482.66
2630,1054,87,1,1261.9,1261.9
2631,1054,137,2,961.39,1922.78
2632,1054,98,2,897.7,1795.4
2633,1055,44,1,1186.21,1186.21
2634,1055,128,2,1908.0,3816.0
2635,1055,20,1,558.12,558.12
2636,1055,41,1,180.3,180.3
2637,1056,12,2,945.61,1891.22
2638,1057,54,2,129.59,259.18
2639,1057,139,2,70.49,140.98
2640,1057,48,1,504.02,504.02
2641,1058,33,2,1244.88,2489.76
2642,1058,119,1,1495.25,1495.25
2643,1058,128,1,1908.0,1908.0
2644,1059,23,2,1506.15,3012.3
2645,1060,60,1,1167.66,1167.66
2646,1060,118,2,562.41,1124.82
2647,1060,41,2,180.3,360.6
2648,1060,83,1,1092.26,1092.26
2649,1061,76,2,578.17,1156.34
2650,1061,27,1,1580.23,1580.23
2651,1061,19,2,230.76,461.52
2652,1062,132,1,1125.2,1125.2
2653,1062,37,2,97.71,195.42
2654,1062,20,2,558.12,1116.24
2655,1063,57,1,1448.57,1448.57
2656,1064,44,1,1186.21,1186.21
2657,1064,128,1,1908.0,1908.0
2658,1065,53,1,178.66,178.66
2659,1065,113,2,933.62,1867.24
2660,1065,68,2,1909.7,3819.4
2661,1066,150,1,719.92,719.92
2662,1067,108,2,351.2,702.4
2663,1067,112,1,104.51,104.51
2664,1067,139,2,70.49,140.98
2665,1068,66,1,1089.73,1089.73
2666,1068,45,1,88.7,88.7
2667,1068,34,2,339.75,679.5
2668,1068,2,2,217.43,434.86
2669,1069,31,1,60.91,60.91
2670,1069,136,1,143.71,143.71
2671,1069,94,1,1151.39,1151.39
2672,1070,44,2,1186.21,2372.42
2673,1070,131,1,1795.22,1795.22
2674,1071,92,2,345.96,691.92
2675,1072,105,1,718.91,718.91
2676,1072,19,2,230.76,461.52
2677,1072,81,1,464.06,464.06
2678,1073,81,1,464.06,464.06
2679,1073,33,2,1244.88,2489.76
2680,1073,40,2,59.67,119.34
2681,1073,124,2,583.52,1167.04
2682,1074,22,2,1063.08,2126.16
2683,1074,25,2,1994.53,3989.06
2684,1075,106,1,1894.86,1894.86
2685,1075,3,1,1375.53,1375.53
2686,1076,98,1,897.7,897.7
2687,1076,109,2,591.49,1182.98
2688,1076,54,1,129.59,129.59
2689,1076,108,2,351.2,702.4
2690,1077,52,2,187.01,374.02
2691,1077,82,2,704.59,1409.18
2692,1077,38,1,1036.49,1036.49
2693,1077,18,1,670.96,670.96
2694,1078,113,2,933.62,1867.24
2695,1078,21,1,646.49,646.49
2696,1079,147,1,826.26,826.26
2697,1079,129,2,761.85,1523.7
2698,1080,113,1,933.62,933.62
2699,1080,36,1,487.48,487.48
2700,1080,72,2,624.08,1248.16
2701,1081,49,1,115.0,115.0
2702,1082,31,2,60.91,121.82
2703,1082,108,1,351.2,351.2
2704,1082,121,1,655.73,655.73
2705,1083,103,2,312.44,624.88
2706,1084,135,1,682.7,682.7
2707,1084,92,2,345.96,691.92
2708,1084,40,1,59.67,59.67
2709,1084,9,2,646.08,1292.16
2710,1085,78,2,1439.91,2879.82
2711,1085,128,2,1908.0,3816.0
2712,1086,9,1,646.08,646.08
2713,1087,6,2,888.56,1777.12
2714,1087,17,2,50.81,101.62
2715,1087,18,1,670.96,670.96
2716,1088,108,2,351.2,702.4
2717,1089,99,2,1130.87,2261.74
2718,1089,91,1,438.61,438.61
2719,1090,84,1,97.61,97.61
2720,1090,145,1,400.3,400.3
2721,1090,39,1,524.21,524.21
2722,1090,137,2,961.39,1922.78
2723,1091,58,1,92.49,92.49
2724,1091,65,2,1923.18,3846.36
2725,1091,122,2,448.34,896.68
2726,1092,130,2,147.82,295.64
2727,1092,65,2,1923.18,3846.36
2728,1092,74,1,135.3,135.3
2729,1092,117,1,1968.91,1968.91
2730,1093,75,1,880.63,880.63
2731,1093,4,1,585.58,585.58
2732,1093,128,2,1908.0,3816.0
2733,1094,96,2,771.82,1543.64
2734,1094,125,2,1166.94,2333.88
2735,1094,144,2,1208.31,2416.62
2736,1094,13,2,749.22,1498.44
2737,1095,103,1,312.44,312.44
2738,1095,102,1,527.12,527.12
2739,1095,144,2,1208.31,2416.62
2740,1096,75,1,880.63,880.63
2741,1096,73,2,305.97,611.94
2742,1096,48,2,504.02,1008.04
2743,1097,148,2,61.41,122.82
2744,1098,12,1,945.61,945.61
2745,1099,46,1,1497.01,1497.01
2746,1099,19,1,230.76,230.76
2747,1100,116,2,634.79,1269.58
2748,1101,129,2,761.85,1523.7
2749,1101,120,2,46.6,93.2
2750,1102,40,2,59.67,119.34
2751,1103,127,1,58.8,58.8
2752,1103,38,2,1036.49,2072.98
2753,1104,125,2,1166.94,2333.88
2754,1105,92,1,345.96,345.96
2755,1105,117,1,1968.91,1968.91
2756,1105,118,1,562.41,562.41
2757,1105,94,2,1151.39,2302.78
2758,1106,3,2,1375.53,2751.06
2759,1107,51,2,602.93,1205.86
2760,1107,58,1,92.49,92.49
2761,1107,90,1,689.91,689.91
2762,1108,129,2,761.85,1523.7
2763,1108,59,2,892.97,1785.94
2764,1108,101,2,1579.35,3158.7
2765,1108,49,1,115.0,115.0
2766,1109,12,2,945.61,1891.22
2767,1109,123,1,357.47,357.47
2768,1109,101,2,1579.35,3158.7
2769,1109,71,1,304.79,304.79
2770,1110,128,1,1908.0,1908.0
2771,1110,98,2,897.7,1795.4
2772,1110,38,1,1036.49,1036.49
2773,1110,145,1,400.3,400.3
2774,1111,112,2,104.51,209.02
2775,1111,142,1,1220.0,1220.0
2776,1111,16,1,503.78,503.78
2777,1111,30,1,445.93,445.93
2778,1112,90,2,689.91,1379.82
2779,1112,150,1,719.92,719.92
2780,1112,88,1,1860.11,1860.11
2781,1112,65,1,1923.18,1923.18
2782,1113,7,1,1589.42,1589.42
2783,1113,13,2,749.22,1498.44
2784,1113,111,2,849.44,1698.88
2785,1114,74,1,135.3,135.3
2786,1115,98,1,897.7,897.7
2787,1115,27,1,1580.23,1580.23
2788,1115,64,2,700.59,1401.18
2789,1115,111,1,849.44,849.44
2790,1116,89,2,357.62,715.24
2791,1116,115,2,221.49,442.98
2792,1116,17,2,50.81,101.62
2793,1116,47,2,33.79,67.58
2794,1117,13,2,749.22,1498.44
2795,1118,70,2,1204.03,2408.06
2796,1118,30,2,445.93,891.86
2797,1118,135,1,682.7,682.7
2798,1118,41,2,180.3,360.6
2799,1119,22,1,1063.08,1063.08
2800,1119,113,1,933.62,933.62
2801,1120,63,2,140.69,281.38
2802,1120,62,1,1964.74,1964.74
2803,1120,56,1,336.46,336.46
2804,1121,143,2,897.89,1795.78
2805,1121,8,1,200.01,200.01
2806,1121,17,2,50.81,101.62
2807,1122,77,2,1273.12,2546.24
2808,1122,55,1,120.66,120.66
2809,1122,148,1,61.41,61.41
2810,1122,56,1,336.46,336.46
2811,1123,139,2,70.49,140.98
2812,1123,110,2,1397.94,2795.88
2813,1123,53,1,178.66,178.66
2814,1123,147,1,826.26,826.26
2815,1124,54,2,129.59,259.18
2816,1124,126,2,417.04,834.08
2817,1125,49,1,115.0,115.0
2818,1125,65,2,1923.18,3846.36
2819,1125,41,1,180.3,180.3
2820,1126,122,2,448.34,896.68
2821,1127,54,1,129.59,129.59
2822,1127,63,2,140.69,281.38
2823,1127,139,2,70.49,140.98
2824,1128,2,2,217.43,434.86
2825,1128,119,2,1495.25,2990.5
2826,1129,94,1,1151.39,1151.39
2827,1129,117,2,1968.91,3937.82
2828,1129,146,1,854.05,854.05
2829,1130,67,1,891.91,891.91
2830,1130,115,1,221.49,221.49
2831,1131,141,1,819.69,819.69
2832,1131,59,1,892.97,892.97
2833,1131,109,2,591.49,1182.98
2834,1131,70,2,1204.03,2408.06
2835,1132,42,1,165.34,165.34
2836,1132,23,1,1506.15,1506.15
2837,1133,8,1,200.01,200.01
2838,1133,112,1,104.51,104.51
2839,1133,57,1,1448.57,1448.57
2840,1134,73,1,305.97,305.97
2841,1134,53,1,178.66,178.66
2842,1135,38,1,1036.49,1036.49
2843,1135,49,2,115.0,230.0
2844,1136,137,2,961.39,1922.78
2845,1136,141,2,819.69,1639.38
2846,1136,33,1,1244.88,1244.88
2847,1136,9,1,646.08,646.08
2848,1137,150,2,719.92,1439.84
2849,1137,15,2,1025.09,2050.18
2850,1137,100,2,725.55,1451.1
2851,1138,12,2,945.61,1891.22
2852,1138,115,1,221.49,221.49
2853,1139,21,2,646.49,1292.98
2854,1139,17,2,50.81,101.62
2855,1140,23,2,1506.15,3012.3
2856,1140,74,2,135.3,270.6
2857,1140,125,1,1166.94,1166.94
2858,1141,70,1,1204.03,1204.03
2859,1141,125,1,1166.94,1166.94
2860,1141,129,1,761.85,761.85
2861,1141,64,2,700.59,1401.18
2862,1142,59,2,892.97,1785.94
2863,1142,23,2,1506.15,3012.3
2864,1142,111,2,849.44,1698.88
2865,1143,142,1,1220.0,1220.0
2866,1143,85,2,876.82,1753.64
2867,1144,72,2,624.08,1248.16
2868,1144,42,2,165.34,330.68
2869,1145,92,2,345.96,691.92
2870,1145,131,1,1795.22,1795.22
2871,1146,87,2,1261.9,2523.8
2872,1147,10,1,688.49,688.49
2873,1147,101,2,1579.35,3158.7
2874,1147,42,2,165.34,330.68
2875,1147,49,1,115.0,115.0
2876,1148,120,2,46.6,93.2
2877,1149,136,2,143.71,287.42
2878,1149,87,1,1261.9,1261.9
2879,1150,123,2,357.47,714.94
2880,1150,47,2,33.79,67.58
2881,1150,18,1,670.96,670.96
2882,1150,12,2,945.61,1891.22
2883,1151,130,2,147.82,295.64
2884,1151,106,1,1894.86,1894.86
2885,1151,89,2,357.62,715.24
2886,1151,28,2,619.64,1239.28
2887,1152,120,1,46.6,46.6
2888,1153,64,1,700.59,700.59
2889,1153,59,1,892.97,892.97
2890,1153,30,2,445.93,891.86
2891,1154,86,1,674.55,674.55
2892,1154,58,2,92.49,184.98
2893,1155,38,1,1036.49,1036.49
2894,1155,142,1,1220.0,1220.0
2895,1155,25,2,1994.53,3989.06
2896,1156,111,1,849.44,849.44
2897,1156,7,1,1589.42,1589.42
2898,1156,13,2,749.22,1498.44
2899,1157,135,2,682.7,1365.4
2900,1158,89,1,357.62,357.62
2901,1158,10,1,688.49,688.49
2902,1158,149,1,701.61,701.61
2903,1158,93,1,783.23,783.23
2904,1159,29,1,1474.96,1474.96
2905,1159,63,2,140.69,281.38
2906,1159,103,2,312.44,624.88
2907,1160,10,1,688.49,688.49
2908,1160,66,2,1089.73,2179.46
2909,1161,62,2,1964.74,3929.48
2910,1161,64,2,700.59,1401.18
2911,1162,48,2,504.02,1008.04
2912,1163,22,1,1063.08,1063.08
2913,1163,137,2,961.39,1922.78
2914,1163,103,1,312.44,312.44
2915,1164,113,2,933.62,1867.24
2916,1165,43,2,145.52,291.04
2917,1165,127,1,58.8,58.8
2918,1165,112,2,104.51,209.02
2919,1165,17,1,50.81,50.81
2920,1166,143,2,897.89,1795.78
2921,1166,111,1,849.44,849.44
2922,1166,66,1,1089.73,1089.73
2923,1167,47,2,33.79,67.58
2924,1167,46,2,1497.01,2994.02
2925,1167,98,1,897.7,897.7
2926,1167,1,2,978.26,1956.52
2927,1168,147,2,826.26,1652.52
2928,1168,5,2,869.3,1738.6
2929,1169,64,2,700.59,1401.18
2930,1170,21,2,646.49,1292.98
2931,1170,124,1,583.52,583.52
2932,1170,80,2,806.11,1612.22
2933,1170,122,1,448.34,448.34
2934,1171,99,1,1130.87,1130.87
2935,1171,114,2,1433.0,2866.0
2936,1172,60,2,1167.66,2335.32
2937,1172,89,2,357.62,715.24
2938,1172,53,2,178.66,357.32
2939,1172,14,1,729.09,729.09
2940,1173,148,2,61.41,122.82
2941,1173,127,1,58.8,58.8
2942,1174,140,2,482.66,965.32
2943,1174,106,2,1894.86,3789.72
2944,1175,104,2,910.09,1820.18
2945,1175,126,1,417.04,417.04
2946,1175,1,1,978.26,978.26
2947,1175,127,1,58.8,58.8
2948,1176,9,1,646.08,646.08
2949,1176,115,2,221.49,442.98
2950,1176,11,2,800.53,1601.06
2951,1176,55,1,120.66,120.66
2952,1177,1,2,978.26,1956.52
2953,1177,123,2,357.47,714.94
2954,1178,120,1,46.6,46.6
2955,1179,54,2,129.59,259.18
2956,1180,32,1,210.36,210.36
2957,1180,62,2,1964.74,3929.48
2958,1181,40,1,59.67,59.67
2959,1181,93,2,783.23,1566.46
2960,1182,63,2,140.69,281.38
2961,1182,93,1,783.23,783.23
2962,1182,133,1,1835.56,1835.56
2963,1182,21,2,646.49,1292.98
2964,1183,34,2,339.75,679.5
2965,1183,109,2,591.49,1182.98
2966,1183,51,1,602.93,602.93
2967,1183,87,1,1261.9,1261.9
2968,1184,65,2,1923.18,3846.36
2969,1184,5,1,869.3,869.3
2970,1185,117,1,1968.91,1968.91
2971,1186,45,2,88.7,177.4
2972,1186,22,2,1063.08,2126.16
2973,1187,137,2,961.39,1922.78
2974,1187,133,1,1835.56,1835.56
2975,1187,20,1,558.12,558.12
2976,1188,32,1,210.36,210.36
2977,1189,57,1,1448.57,1448.57
2978,1189,144,2,1208.31,2416.62
2979,1189,56,2,336.46,672.92
2980,1189,137,1,961.39,961.39
2981,1190,25,2,1994.53,3989.06
2982,1191,6,1,888.56,888.56
2983,1191,48,2,504.02,1008.04
2984,1191,27,2,1580.23,3160.46
2985,1191,78,2,1439.91,2879.82
2986,1192,102,2,527.12,1054.24
2987,1192,91,1,438.61,438.61
2988,1192,19,1,230.76,230.76
2989,1192,150,1,719.92,719.92
2990,1193,86,1,674.55,674.55
2991,1193,31,2,60.91,121.82
2992,1194,69,2,490.04,980.08
2993,1194,51,2,602.93,1205.86
2994,1195,66,2,1089.73,2179.46
2995,1195,3,1,1375.53,1375.53
2996,1196,20,1,558.12,558.12
2997,1197,93,2,783.23,1566.46
2998,1197,149,2,701.61,1403.22
2999,1198,126,2,417.04,834.08
3000,1198,37,2,97.71,195.42
3001,1198,132,1,1125.2,1125.2
3002,1198,96,1,771.82,771.82
3003,1199,104,2,910.09,1820.18
3004,1200,136,2,143.71,287.42
3005,1200,97,1,739.57,739.57
